game_id,team_id,participant_id,champion_name,win
5893772458,100,4,Jinx,true
5893772458,200,6,Ornn,false
5893432462,100,1,Katarina,false
5893432462,100,2,Udyr,false
5893432462,100,4,Jinx,false
5893432462,200,9,Tristana,true
5891372571,100,2,Graves,false
5891372571,100,4,Lucian,false
5891372571,200,6,Gangplank,true
5891372571,200,7,Diana,true
5891372571,200,8,Zoe,true
5891372571,200,9,Jinx,true
5891372571,200,10,Bard,true
5893103612,100,3,Graves,true
5892998362,200,6,Vladimir,true
5892998362,200,7,Shaco,true
5892993999,100,1,Zeri,false
5892993999,100,2,Shaco,false
5892993999,100,3,Ekko,false
5892993999,200,8,Sylas,true
5892993999,200,9,Ezreal,true
5892993999,200,10,Zilean,true
5892407939,100,2,Shaco,true
5892407939,200,9,Zoe,false
5892407939,200,10,Gragas,false
5892331590,100,1,Gwen,false
5892331590,200,7,Shaco,true
5892331590,200,10,Nautilus,true
5890526507,100,2,Shaco,true
5890448127,100,2,Graves,true
5890448127,100,4,Tristana,true
5890448127,200,9,Ezreal,false
5890276075,100,3,Graves,false
5890276075,100,5,Janna,false
5890276075,200,6,Camille,true
5890276075,200,7,Taliyah,true
5890276075,200,9,Ezreal,true
5888868656,100,2,Shaco,false
5888868656,100,3,Kassadin,false
5888868656,200,9,Malzahar,true
5888832965,200,7,Karthus,false
5888741970,100,2,Karthus,false
5888741970,100,5,Pyke,false
5888741970,200,8,Zed,true
5888741970,200,9,Xayah,true
5888741970,200,10,Rakan,true
5893315070,100,2,Graves,true
5893208550,100,2,MonkeyKing,false
5893208550,200,7,Zac,true
5893208550,200,8,TwistedFate,true
5893208550,200,9,Jhin,true
5893163182,100,2,Ahri,true
5893163182,100,3,Khazix,true
5893163182,200,7,Zac,false
5893163182,200,9,Draven,false
5893096365,100,1,Yone,false
5893096365,100,2,Viego,false
5893096365,100,3,Orianna,false
5893096365,100,4,Zeri,false
5893096365,200,6,Riven,true
5893096365,200,7,Kayn,true
5893096365,200,8,Yasuo,true
5893096365,200,10,Nami,true
5893091120,100,1,Shen,false
5893091120,100,3,Viktor,false
5893091120,200,7,MonkeyKing,true
5893091120,200,8,Yasuo,true
5894546153,100,5,Pyke,true
5894546153,200,9,Lucian,false
5894438358,100,2,Taliyah,true
5894438358,100,5,Sona,true
5894438358,200,7,MonkeyKing,false
5894438358,200,8,Katarina,false
5894438358,200,10,Renata,false
5894344963,100,1,Ornn,true
5894344963,100,3,Orianna,true
5894344963,100,5,Sona,true
5894344963,200,6,Gangplank,false
5894344963,200,10,Taric,false
5893256559,100,1,Katarina,true
5893256559,100,2,MonkeyKing,true
5893256559,100,3,Kayle,true
5893256559,100,5,Pyke,true
5893256559,200,6,Riven,false
5893256559,200,7,Talon,false
5893256559,200,8,Cassiopeia,false
5892906194,100,1,Yasuo,false
5892906194,100,3,TwistedFate,false
5892906194,100,4,Xayah,false
5892906194,200,6,Sion,true
5892906194,200,7,Nunu,true
5892906194,200,8,Veigar,true
5892906194,200,9,Tristana,true
5892906194,200,10,Renata,true
5895064181,100,1,Gangplank,false
5895064181,100,2,Taliyah,false
5895064181,200,6,Teemo,true
5895064181,200,8,Kayle,true
5895064181,200,9,Zeri,true
5895064181,200,10,Lulu,true
5894808197,100,1,Renekton,true
5894808197,100,2,LeeSin,true
5894808197,100,3,Draven,true
5894808197,100,4,Malzahar,true
5894808197,100,5,Nautilus,true
5894808197,200,9,Ezreal,false
5894808197,200,10,Lulu,false
5893645820,200,6,Teemo,true
5893645820,200,10,Nami,true
5893618309,100,1,Teemo,true
5893618309,100,4,Zilean,true
5893618309,100,5,Vayne,true
5893618309,200,7,Talon,false
5893618309,200,8,Sylas,false
5893618309,200,9,Yasuo,false
5893563630,100,1,Teemo,true
5893563630,100,3,Taliyah,true
5893563630,100,4,Rakan,true
5893563630,100,5,Xayah,true
5893563630,200,6,Camille,false
5893563630,200,7,Talon,false
5893563630,200,9,Karma,false
5893457663,200,8,Veigar,false
5893457663,200,9,Sivir,false
5893481615,100,2,Lillia,true
5893481615,100,4,Kaisa,true
5893481615,100,5,Nautilus,true
5893481615,200,7,MonkeyKing,false
5893481615,200,8,Malphite,false
5893039908,100,1,Cassiopeia,true
5893039908,100,2,Talon,true
5893039908,100,3,Ahri,true
5893039908,100,4,Kaisa,true
5893039908,100,5,Nautilus,true
5893039908,200,8,Vex,false
5893084653,100,1,Olaf,false
5893084653,100,3,Anivia,false
5893084653,200,10,Veigar,true
5892886980,200,10,Lissandra,false
5892767780,100,3,Vladimir,false
5892767780,200,10,Lulu,true
5892744079,100,5,Janna,true
5892744079,200,9,MonkeyKing,false
5892421507,200,10,Lulu,true
5892344087,100,5,Rakan,true
5892285321,100,2,Sejuani,false
5892285321,100,4,Yasuo,false
5892285321,100,5,Thresh,false
5892285321,200,7,Lillia,true
5892285321,200,9,Ashe,true
5892285321,200,10,Lulu,true
5891893448,100,2,LeeSin,true
5891893448,100,4,Vayne,true
5891893448,200,10,Nautilus,false
5890949634,100,1,Fiora,false
5890949634,100,3,Akali,false
5890949634,100,4,Tristana,false
5890949634,100,5,Lulu,false
5890949634,200,8,Ahri,true
5890949634,200,9,Senna,true
5890949634,200,10,Sett,true
5890875036,100,2,Lillia,true
5890875036,100,5,Leona,true
5890875036,200,6,Camille,false
5890875036,200,10,Rakan,false
5890106417,100,1,Irelia,true
5890106417,100,2,Talon,true
5890106417,100,3,Ekko,true
5890106417,100,5,Lulu,true
5890106417,200,6,Singed,false
5890106417,200,8,Yasuo,false
5890106417,200,9,Jhin,false
5890106417,200,10,Alistar,false
5890090999,100,1,Ornn,true
5890090999,100,3,Sylas,true
5890090999,100,5,Lulu,true
5890090999,200,6,Singed,false
5890090999,200,7,Qiyana,false
5890090999,200,8,Ekko,false
5890090999,200,9,Ezreal,false
5890041038,100,1,Jayce,true
5890041038,100,2,Zac,true
5890041038,100,3,Veigar,true
5890041038,100,4,Aphelios,true
5890041038,100,5,Thresh,true
5890041038,200,7,Talon,false
5890041038,200,9,Lucian,false
5889925068,100,4,Ashe,true
5889925068,100,5,Lulu,true
5889925068,200,8,Kayle,false
5889925068,200,10,Senna,false
5889507218,100,4,Jinx,false
5889507218,100,5,Karma,false
5889507218,200,9,KogMaw,true
5889507218,200,10,Lulu,true
5889494011,100,5,Lulu,true
5889494011,200,7,Volibear,false
5894556187,100,2,Shyvana,true
5894556187,100,3,TwistedFate,true
5894556187,200,7,Lillia,false
5894556187,200,8,Talon,false
5894556187,200,9,Ashe,false
5894400173,100,2,FiddleSticks,false
5894400173,100,4,Cassiopeia,false
5894400173,200,6,Riven,true
5894400173,200,9,Kaisa,true
5894356019,100,2,Gwen,false
5894356019,100,4,Draven,false
5894356019,200,7,Karthus,true
5894356019,200,9,Jhin,true
5894356019,200,10,Zilean,true
5894342484,100,1,Olaf,true
5894342484,100,3,MonkeyKing,true
5894342484,200,7,JarvanIV,false
5894258040,100,2,Graves,false
5894258040,100,3,Katarina,false
5894258040,200,6,Sion,true
5894258040,200,9,Jinx,true
5894258040,200,10,Soraka,true
5891289435,100,3,Ekko,false
5891289435,100,5,Lulu,false
5891289435,200,6,Gnar,true
5891289435,200,7,Shyvana,true
5891289435,200,9,Senna,true
5891289435,200,10,Seraphine,true
5890415266,100,1,Kayle,true
5890415266,100,2,Karthus,true
5889779469,100,3,Malzahar,true
5889779469,200,9,Taliyah,false
5889779469,200,10,Alistar,false
5889814297,100,1,Jax,false
5889814297,200,7,Hecarim,true
5889814297,200,10,Janna,true
5894532913,100,1,Ornn,true
5894532913,100,2,Kayn,true
5894532913,100,3,Brand,true
5894532913,100,4,Xayah,true
5894532913,200,6,Irelia,false
5894532913,200,7,Gwen,false
5894532913,200,9,Tristana,false
5893221940,100,1,Irelia,true
5893221940,100,2,MonkeyKing,true
5893221940,100,5,Katarina,true
5893221940,200,9,Sivir,false
5893195822,100,3,Zoe,true
5893195822,200,6,Irelia,false
5893195822,200,9,Lucian,false
5893038112,100,1,Shen,false
5893038112,100,2,MonkeyKing,false
5893038112,100,5,Rakan,false
5893038112,200,7,Lillia,true
5893038112,200,9,Jhin,true
5892972624,100,1,Irelia,true
5892972624,100,2,Vi,true
5892972624,200,6,Sett,false
5892972624,200,8,TwistedFate,false
5892846184,100,2,Nocturne,false
5892846184,200,6,Irelia,true
5892846184,200,7,Vi,true
5892846184,200,10,Yuumi,true
5891364353,100,5,Senna,false
5891364353,200,6,Shen,true
5891364353,200,9,Vayne,true
5891346621,100,1,Camille,false
5891346621,100,2,Olaf,false
5891346621,100,3,Seraphine,false
5891346621,200,6,Irelia,true
5891346621,200,7,Taliyah,true
5891346621,200,8,Jayce,true
5891260174,100,1,Jax,true
5891260174,100,2,Shyvana,true
5891260174,100,3,Lucian,true
5891260174,100,5,Renata,true
5891260174,200,6,Irelia,false
5891260174,200,8,Veigar,false
5891118563,100,1,Irelia,true
5891118563,100,3,Katarina,true
5891118563,100,4,Vayne,true
5889907588,100,1,Gwen,true
5889907588,100,2,MonkeyKing,true
5889907588,100,3,Azir,true
5889907588,100,5,Senna,true
5889907588,200,6,Irelia,false
5889907588,200,8,Katarina,false
5889907588,200,9,Tristana,false
5889893173,100,1,Jax,false
5889893173,100,5,Poppy,false
5889893173,200,6,Irelia,true
5889893173,200,8,Viktor,true
5889893173,200,9,Tristana,true
5889576108,100,3,Fiora,false
5889576108,100,4,Seraphine,false
5889576108,200,6,Irelia,true
5889576108,200,7,MonkeyKing,true
5889576108,200,9,Ezreal,true
5889576108,200,10,Karma,true
5889571877,200,6,Shen,false
5889571877,200,9,Cassiopeia,false
5894488258,100,4,Taliyah,false
5894488258,200,6,Olaf,true
5894275154,100,1,Olaf,true
5894275154,100,3,Taliyah,true
5894275154,200,8,Gangplank,false
5894250954,100,1,Yone,false
5894250954,100,3,Karthus,false
5894250954,200,8,Taliyah,true
5894250954,200,9,Vayne,true
5893231415,100,3,Taliyah,false
5893231415,200,9,Ezreal,true
5891481672,100,1,Fiora,true
5891481672,200,8,Zoe,false
5891481672,200,9,Vayne,false
5891481672,200,10,Lulu,false
5891296562,100,5,Senna,false
5891296562,200,9,Karma,true
5891192159,100,1,Yone,true
5891192159,100,3,Zoe,true
5891192159,200,9,Jhin,false
5895112628,100,2,Lillia,false
5895112628,100,3,Xerath,false
5895112628,100,4,Xayah,false
5895112628,200,7,Talon,true
5895112628,200,9,Ezreal,true
5894589660,100,3,Sylas,false
5894589660,200,6,Fiora,true
5894589660,200,9,Kalista,true
5894589660,200,10,Blitzcrank,true
5894524880,100,2,Rengar,false
5894524880,100,5,Soraka,false
5894524880,200,9,Tristana,true
5894524880,200,10,Blitzcrank,true
5894426096,100,1,Camille,false
5894426096,100,4,Jhin,false
5894426096,200,8,TwistedFate,true
5894426096,200,9,Ezreal,true
5892595920,100,4,Ezreal,true
5892488006,100,3,Veigar,true
5892488006,100,4,Kaisa,true
5892488006,100,5,Swain,true
5892463029,100,5,Nautilus,true
5892463029,200,6,Talon,false
5892463029,200,9,Zed,false
5892368679,100,4,Jinx,false
5892368679,100,5,Lulu,false
5892368679,200,6,Talon,true
5892368679,200,7,MonkeyKing,true
5892368679,200,8,Taliyah,true
5892368679,200,10,Nami,true
5892412948,100,2,Talon,true
5892412948,100,4,Lucian,true
5892412948,100,5,Nami,true
5892412948,200,6,Gnar,false
5892412948,200,8,Leblanc,false
5892412948,200,9,Senna,false
5892307294,100,5,Karma,false
5892307294,200,7,Rengar,true
5892307294,200,9,Ezreal,true
5890674851,100,1,Azir,false
5890674851,100,2,Talon,false
5890674851,100,3,Yasuo,false
5890674851,200,6,Sett,true
5890674851,200,9,Ezreal,true
5890682253,100,3,Yasuo,true
5890682253,100,5,Gragas,true
5890682253,200,7,Talon,false
5890682253,200,8,Akali,false
5890682253,200,9,Samira,false
5890599393,200,6,Gwen,true
5890599393,200,8,Talon,true
5890599393,200,9,Tristana,true
5890595969,100,2,XinZhao,false
5890595969,200,8,Cassiopeia,true
5890380155,100,4,Ezreal,true
5890380155,200,9,Yasuo,false
5890380155,200,10,Rakan,false
5890453329,100,2,Kindred,false
5890453329,100,3,Ekko,false
5890453329,100,4,Garen,false
5890453329,100,5,Lulu,false
5890453329,200,6,Sylas,true
5890453329,200,7,LeeSin,true
5890453329,200,9,Ezreal,true
5890354640,100,1,Irelia,false
5890354640,100,3,Akali,false
5890354640,100,4,Swain,false
5890354640,200,6,Lucian,true
5890354640,200,8,Azir,true
5890354640,200,9,Ornn,true
5890354640,200,10,Nami,true
5890239286,100,4,Jhin,false
5890239286,200,8,Ekko,true
5890232084,100,3,Chogath,false
5890232084,100,4,Tristana,false
5890232084,200,6,Rumble,true
5890232084,200,7,MonkeyKing,true
5890232084,200,8,Corki,true
5890232084,200,9,Kaisa,true
5890023593,100,4,Tristana,false
5890023593,100,5,Bard,false
5890023593,200,8,Taliyah,true
5889878648,200,6,Irelia,true
5889878648,200,8,TwistedFate,true
5889878648,200,9,Ezreal,true
5889878648,200,10,Karma,true
5889910658,100,1,Irelia,true
5889910658,100,2,Hecarim,true
5889910658,100,4,Kaisa,true
5889910658,100,5,Rakan,true
5889910658,200,8,Kayle,false
5889910658,200,9,Xayah,false
5889910658,200,10,Leona,false
5889816602,100,1,Yasuo,true
5889816602,100,3,Taliyah,true
5889816602,100,4,Kalista,true
5889816602,200,6,Yone,false
5889816602,200,7,Talon,false
5889816602,200,9,Kaisa,false
5889816602,200,10,Nautilus,false
5889831169,100,1,Jayce,true
5889831169,100,2,Zac,true
5889831169,100,3,Akshan,true
5889831169,100,4,KogMaw,true
5889831169,200,7,Taliyah,false
5889831169,200,8,Yone,false
5889831169,200,9,Kaisa,false
5888906273,200,9,Kaisa,false
5888952199,200,7,Viego,true
5888952199,200,8,Kassadin,true
5888952199,200,9,Kaisa,true
5888873263,100,3,Vex,false
5888873263,100,4,Yasuo,false
5888873263,200,7,MonkeyKing,true
5888873263,200,9,Garen,true
5888873263,200,10,Karma,true
5888729190,100,1,Ezreal,true
5888729190,100,3,Lucian,true
5888729190,100,4,Ornn,true
5888729190,200,6,Camille,false
5888729190,200,7,Mordekaiser,false
5888729190,200,10,Nautilus,false
5894246122,100,2,Taliyah,false
5894246122,100,4,Karma,false
5894246122,200,7,Olaf,true
5894246122,200,8,Vladimir,true
5894246122,200,10,Senna,true
5894261788,100,4,Aphelios,true
5894261788,100,5,Lux,true
5894261788,200,8,Ahri,false
5894177030,100,3,Azir,false
5894177030,100,4,KogMaw,false
5894177030,200,10,Lulu,true
5894213202,100,5,Karma,false
5894213202,200,10,Lulu,true
5894119682,100,5,Senna,true
5892726847,100,2,LeeSin,false
5892726847,100,3,Gwen,false
5892726847,100,4,Yasuo,false
5892726847,100,5,Senna,false
5892726847,200,6,Gangplank,true
5892726847,200,7,Lillia,true
5892726847,200,8,Graves,true
5892743337,100,2,Taliyah,true
5892743337,100,4,Aphelios,true
5892743337,100,5,Lulu,true
5892743337,200,6,Shen,false
5892743337,200,7,Talon,false
5892743337,200,8,Chogath,false
5892649975,200,8,Graves,false
5892649975,200,10,Seraphine,false
5892697805,200,10,Senna,true
5890898410,100,2,Karthus,false
5890898410,100,3,Kayn,false
5890898410,100,4,Ashe,false
5890898410,100,5,Seraphine,false
5890898410,200,6,Singed,true
5890898410,200,7,Lillia,true
5890898410,200,8,Yone,true
5890898410,200,9,Twitch,true
5890898410,200,10,Senna,true
5890895109,100,1,Singed,false
5890895109,100,2,Veigar,false
5890895109,200,7,Trundle,true
5890895109,200,8,Taliyah,true
5890895109,200,9,Vayne,true
5890895109,200,10,Lulu,true
5890911456,200,10,Lux,false
5890778733,100,1,Singed,false
5890778733,100,2,Gwen,false
5890778733,200,7,Taliyah,true
5890778733,200,9,Tristana,true
5890778733,200,10,Lux,true
5889474422,100,4,Tristana,false
5889474422,100,5,Senna,false
5889531795,100,3,Twitch,false
5889531795,200,6,Aatrox,true
5889531795,200,9,Ezreal,true
5889531795,200,10,Lux,true
5889108909,100,3,Lux,true
5889108909,100,4,Aphelios,true
5889108909,200,6,Vladimir,false
5889015336,100,2,Gwen,true
5889015336,200,9,Aphelios,false
5889015336,200,10,Senna,false
5895423688,100,1,Gwen,false
5895423688,100,3,Yasuo,false
5895423688,200,7,Lillia,true
5895423688,200,8,Azir,true
5895423688,200,9,Xayah,true
5894710552,100,1,Shen,false
5894710552,100,2,Viego,false
5894710552,100,4,Ziggs,false
5894710552,100,5,Nautilus,false
5894710552,200,6,Darius,true
5894710552,200,8,Ahri,true
5894710552,200,10,Braum,true
5895434579,100,1,Jhin,false
5895434579,200,7,Viego,true
5895434579,200,8,Leblanc,true
5895434579,200,9,Vayne,true
5895434579,200,10,Nautilus,true
5895345266,100,4,Jhin,true
5895345266,200,7,Viego,false
5895345266,200,9,Senna,false
5895345266,200,10,Karma,false
5895085684,100,1,Singed,true
5895085684,100,2,Viego,true
5895085684,200,8,Sylas,false
5895085684,200,9,Draven,false
5895085684,200,10,Nautilus,false
5894799912,100,3,Sylas,false
5894799912,200,10,Lulu,true
5894862689,100,1,Ornn,true
5894862689,100,2,Talon,true
5894862689,100,5,Lulu,true
5894862689,200,8,Azir,false
5894862689,200,9,Draven,false
5894862689,200,10,Janna,false
5894509951,100,3,Ahri,true
5894509951,200,7,MonkeyKing,false
5894509951,200,8,Brand,false
5894433142,100,3,Azir,true
5894433142,100,4,Ezreal,true
5894433142,200,7,Rengar,false
5894433142,200,8,Katarina,false
5894433142,200,10,Bard,false
5894327917,100,3,Ahri,true
5894327917,200,8,Sylas,false
5894327917,200,10,Zoe,false
5894260176,100,3,Syndra,false
5894260176,100,4,Tristana,false
5894260176,200,7,Kindred,true
5894260176,200,8,Viktor,true
5893657237,100,2,Olaf,false
5893657237,100,4,Soraka,false
5893657237,200,6,Zed,true
5893657237,200,8,Akali,true
5893657237,200,10,Senna,true
5893600335,100,3,Yasuo,true
5893600335,100,5,Rell,true
5893600335,200,7,Volibear,false
5893600335,200,8,Poppy,false
5893600335,200,10,Senna,false
5893476541,100,1,Irelia,false
5893476541,100,3,Azir,false
5893476541,100,4,Twitch,false
5893476541,200,8,Yasuo,true
5893476541,200,10,Soraka,true
5893452590,100,1,Aatrox,false
5893452590,100,3,Ahri,false
5893452590,100,4,Sivir,false
5893452590,100,5,Zilean,false
5893452590,200,6,Gangplank,true
5893452590,200,8,Yasuo,true
5893452590,200,9,Jhin,true
5893452590,200,10,Soraka,true
5893385086,200,8,Ahri,true
5893260395,100,1,Irelia,false
5893260395,200,7,JarvanIV,true
5893260395,200,8,Ahri,true
5893284895,100,2,Taliyah,false
5893284895,100,3,Ahri,false
5893284895,100,4,Draven,false
5893284895,100,5,Alistar,false
5893284895,200,6,Yone,true
5893284895,200,9,Kalista,true
5893284895,200,10,Soraka,true
5893193112,100,1,Yone,false
5893193112,100,2,KogMaw,false
5893193112,100,3,Irelia,false
5893193112,200,6,Singed,true
5893193112,200,7,Lillia,true
5893193112,200,8,Azir,true
5893193112,200,9,Draven,true
5893193112,200,10,Senna,true
5893113560,100,2,Lillia,true
5893113560,100,3,Ezreal,true
5893113560,100,4,Sion,true
5893113560,200,6,Singed,false
5892999103,200,8,Azir,true
5892868111,100,1,Gwen,false
5892868111,100,2,Trundle,false
5892868111,100,3,Xerath,false
5892868111,200,9,Teemo,true
5892868111,200,10,Senna,true
5892882108,100,2,Vi,true
5892882108,100,3,Ahri,true
5892882108,100,4,Jinx,true
5892882108,200,7,Taliyah,false
5892882108,200,10,Blitzcrank,false
5892757263,100,1,Yone,true
5892757263,100,4,Ezreal,true
5892757263,100,5,Senna,true
5892757263,200,6,Shen,false
5892757263,200,7,MonkeyKing,false
5892757263,200,8,Azir,false
5892794370,100,4,Ezreal,false
5892794370,200,6,Yone,true
5892794370,200,7,MonkeyKing,true
5892794370,200,8,Cassiopeia,true
5892794370,200,9,Varus,true
5892379077,100,5,Karma,true
5892379077,200,8,Azir,false
5892308030,100,4,Twitch,false
5892308030,200,10,Lulu,true
5892281426,100,4,Jhin,true
5892281426,200,8,Viktor,false
5892281426,200,9,Vayne,false
5891161357,100,4,Aphelios,false
5891161357,100,5,Janna,false
5891161357,200,6,Kayle,true
5891161357,200,8,Graves,true
5891161357,200,9,Lucian,true
5891161357,200,10,Nami,true
5891132654,100,1,Camille,false
5891132654,100,4,Lucian,false
5891132654,100,5,Nami,false
5891132654,200,6,Singed,true
5891132654,200,7,Graves,true
5891132654,200,8,Azir,true
5891132654,200,9,Ezreal,true
5891038200,100,1,Yasuo,true
5891038200,100,3,Cassiopeia,true
5891038200,100,4,Draven,true
5891038200,100,5,Senna,true
5891038200,200,6,Singed,false
5891038200,200,7,Olaf,false
5891038200,200,8,Azir,false
5891024860,100,3,Azir,false
5891024860,100,4,Ezreal,false
5891024860,200,6,Fiora,true
5890916276,100,3,Azir,true
5890916276,100,4,Ezreal,true
5890916276,200,7,Poppy,false
5890916276,200,9,Jhin,false
5890951162,100,3,Azir,true
5890827516,100,4,Ezreal,false
5890827516,200,9,Lucian,true
5890519246,100,1,Teemo,false
5890519246,100,2,Talon,false
5890519246,200,8,Azir,true
5890519246,200,10,Lulu,true
5890523875,100,1,Fiora,true
5890523875,100,4,Lucian,true
5890523875,100,5,Nami,true
5890523875,200,7,Olaf,false
5890523875,200,8,Corki,false
5890392308,100,3,Azir,true
5890392308,200,6,Kayle,false
5890392308,200,9,Ezreal,false
5890392308,200,10,Karma,false
5890301825,100,3,Azir,true
5890301825,100,4,KogMaw,true
5890301825,100,5,Lulu,true
5890301825,200,7,Diana,false
5890301825,200,8,Yasuo,false
5890301825,200,10,Blitzcrank,false
5890102009,100,3,Katarina,false
5890102009,200,6,Riven,true
5890102009,200,7,Lillia,true
5890102009,200,8,Karma,true
5890102009,200,9,Tristana,true
5890102009,200,10,Blitzcrank,true
5889975241,100,3,Katarina,false
5889975241,200,6,Yone,true
5889975241,200,7,Graves,true
5889975241,200,8,Azir,true
5889975241,200,9,Jhin,true
5889837113,100,2,Zac,true
5889837113,100,3,Seraphine,true
5889837113,100,5,Pyke,true
5889837113,200,6,Ornn,false
5889837113,200,8,Azir,false
5889837113,200,9,KogMaw,false
5889837113,200,10,Lulu,false
5889791458,200,8,Yasuo,true
5889715174,100,3,Azir,true
5889715174,100,4,Ashe,true
5889715174,200,6,Sett,false
5889715174,200,8,Katarina,false
5889715174,200,9,KogMaw,false
5889715174,200,10,Nami,false
5889638347,100,1,Gangplank,false
5889638347,200,6,Akali,true
5889633219,100,3,Azir,true
5889633219,100,4,Kaisa,true
5889633219,200,6,Ornn,false
5889489983,200,8,Azir,false
5889489983,200,9,Aphelios,false
5889495990,100,4,Ezreal,true
5889495990,200,7,Graves,false
5889495990,200,8,TwistedFate,false
5888855267,100,2,Talon,true
5888855267,100,3,TwistedFate,true
5888855267,200,8,Yasuo,false
5888850629,100,3,TwistedFate,true
5888850629,100,5,Nautilus,true
5888850629,200,6,Irelia,false
5888746524,100,1,Akali,false
5888746524,200,6,Vladimir,true
5888746524,200,9,Tristana,true
5888746524,200,10,Nautilus,true
5894126686,200,8,Janna,true
5893816588,100,2,Talon,true
5893816588,100,5,Janna,true
5893816588,200,6,Vayne,false
5893816588,200,8,Cassiopeia,false
5893816588,200,10,Yuumi,false
5893715317,200,10,Janna,false
5893369990,100,2,Graves,true
5893369990,100,4,Ezreal,true
5893369990,100,5,Janna,true
5893369990,200,8,Veigar,false
5893034040,100,2,Viego,true
5893034040,100,3,Janna,true
5893034040,200,6,Kayle,false
5893034040,200,10,Swain,false
5892955879,100,1,Singed,true
5892955879,100,3,Viktor,true
5892955879,100,5,Renata,true
5892955879,200,6,Yone,false
5892955879,200,8,Ekko,false
5892955879,200,9,Twitch,false
5892955879,200,10,Janna,false
5891353654,100,1,Gangplank,true
5891353654,100,2,Talon,true
5891353654,100,3,Ekko,true
5891353654,100,5,Janna,true
5891353654,200,9,KogMaw,false
5891353654,200,10,Lulu,false
5891198148,100,5,Janna,false
5891198148,200,9,MissFortune,true
5891198148,200,10,Zilean,true
5891111140,100,1,Gwen,false
5891111140,200,8,Taliyah,true
5891111140,200,10,Janna,true
5890511787,100,1,Teemo,true
5890511787,100,2,Talon,true
5890511787,100,4,Jinx,true
5890511787,100,5,Janna,true
5890511787,200,6,Kayle,false
5890511787,200,9,Vayne,false
5890442718,100,2,Talon,false
5890442718,200,6,Fiora,true
5890442718,200,8,Janna,true
5890442718,200,9,Zeri,true
5890442718,200,10,TwistedFate,true
5889703877,100,1,Gangplank,true
5889703877,100,3,Orianna,true
5889703877,100,5,Janna,true
5889703877,200,6,Jax,false
5889587887,100,5,Janna,false
5889587887,200,8,Katarina,true
5889587887,200,9,Vayne,true
5895432473,100,2,Talon,false
5895432473,100,4,Zeri,false
5895432473,100,5,Blitzcrank,false
5895432473,200,9,Senna,true
5895140216,100,3,Leblanc,true
5895140216,100,4,Lucian,true
5895140216,100,5,Pyke,true
5895140216,200,6,Rumble,false
5895140216,200,7,Graves,false
5895140216,200,8,Ahri,false
5895140216,200,9,Tristana,false
5895140216,200,10,Nami,false
5894743099,100,1,Singed,false
5894743099,100,3,Katarina,false
5894743099,100,4,Ezreal,false
5894743099,200,6,Darius,true
5894743099,200,9,Jhin,true
5894271112,100,2,Shyvana,true
5894271112,100,3,Galio,true
5894271112,100,4,Ezreal,true
5894271112,200,6,Aatrox,false
5894271112,200,8,Vayne,false
5894271112,200,9,Jhin,false
5893546299,100,4,Tristana,false
5893546299,200,8,Zed,true
5893546299,200,10,Lulu,true
5893386951,100,1,Aatrox,false
5893386951,100,4,Jhin,false
5893386951,200,6,Singed,true
5893386951,200,8,Zac,true
5893386951,200,10,Soraka,true
5893370986,100,2,Viego,true
5893370986,100,3,Ahri,true
5893370986,100,4,Jhin,true
5893370986,200,6,Singed,false
5893370986,200,8,Katarina,false
5893370986,200,9,Kaisa,false
5893370986,200,10,Senna,false
5893254595,100,2,Taliyah,true
5893254595,100,3,Akshan,true
5893254595,100,4,Yasuo,true
5893254595,100,5,Rell,true
5893254595,200,9,Jhin,false
5893254595,200,10,Senna,false
5893128170,100,4,Tristana,true
5893128170,200,8,Kennen,false
5893128170,200,10,Zyra,false
5893019530,100,2,Karma,true
5893019530,100,3,Viego,true
5893019530,100,5,Braum,true
5893019530,200,6,Aatrox,false
5893019530,200,8,Xerath,false
5893019530,200,9,Tristana,false
5893019530,200,10,Leona,false
5892825309,100,2,Viego,true
5892825309,100,3,Karma,true
5892825309,200,8,Ahri,false
5892825309,200,9,Tristana,false
5892810109,100,4,Sivir,false
5892810109,200,6,Gangplank,true
5892810109,200,7,Yasuo,true
5892810109,200,10,Rakan,true
5892783894,100,3,Syndra,true
5892783894,100,4,Jhin,true
5892783894,100,5,Zilean,true
5892783894,200,8,Cassiopeia,false
5892783894,200,10,Lulu,false
5891731885,100,1,Gangplank,false
5891731885,100,2,MonkeyKing,false
5891731885,100,5,Lulu,false
5891731885,200,9,Senna,true
5891523699,100,4,Jhin,false
5891523699,100,5,Soraka,false
5891523699,200,6,Gwen,true
5891523699,200,7,Graves,true
5891523699,200,9,MonkeyKing,true
5890903142,100,2,LeeSin,true
5890903142,100,4,Jhin,true
5890903142,200,9,Senna,false
5890848797,100,2,Khazix,true
5890848797,100,3,Cassiopeia,true
5890848797,100,4,Jhin,true
5890848797,200,6,Yone,false
5890784662,100,4,Tristana,false
5890784662,200,8,Zoe,true
5890513449,100,1,Cassiopeia,true
5890513449,200,8,Chogath,false
5890513449,200,9,Tristana,false
5890513449,200,10,Blitzcrank,false
5890453601,100,1,Zilean,true
5890453601,100,2,Talon,true
5890453601,200,8,Malzahar,false
5890453601,200,9,KogMaw,false
5890353512,100,5,Senna,false
5890353512,200,8,Tristana,true
5889994330,100,1,Singed,false
5889994330,200,6,Gwen,true
5889994330,200,7,FiddleSticks,true
5889994330,200,9,Tristana,true
5889994330,200,10,Rell,true
5889553432,100,1,Gwen,true
5889553432,100,3,Tristana,true
5889553432,100,5,Nautilus,true
5889553432,200,7,Viego,false
5889553432,200,9,Ezreal,false
5889029746,200,9,KogMaw,false
5895297501,100,1,Singed,true
5895297501,100,3,TwistedFate,true
5895297501,100,4,Kaisa,true
5895297501,100,5,Blitzcrank,true
5895297501,200,7,Talon,false
5895297501,200,8,Kassadin,false
5895297501,200,9,Draven,false
5895297501,200,10,Leona,false
5893748937,100,1,Aatrox,false
5893748937,100,3,Katarina,false
5893748937,100,4,Ezreal,false
5893748937,200,7,Kayn,true
5893698518,200,8,Zoe,true
5893698518,200,9,Ezreal,true
5893526977,100,1,Jax,true
5893526977,100,2,Ekko,true
5893526977,200,6,Vayne,false
5893526977,200,8,Akali,false
5893526977,200,10,Soraka,false
5893499087,100,1,Vladimir,true
5893499087,100,2,Graves,true
5893499087,100,4,Twitch,true
5893499087,200,8,Ryze,false
5893258169,100,2,Talon,true
5893258169,100,3,Azir,true
5893258169,200,8,Seraphine,false
5893311379,100,3,Lucian,false
5893311379,200,6,Shen,true
5893311379,200,10,Renata,true
5891756894,100,2,Graves,true
5891756894,100,4,Kaisa,true
5891756894,100,5,Pyke,true
5891756894,200,6,Gangplank,false
5891756894,200,7,Khazix,false
5891756894,200,8,Taliyah,false
5891756894,200,9,KogMaw,false
5891670520,100,1,Shen,true
5891670520,100,4,Senna,true
5891670520,100,5,Chogath,true
5891670520,200,8,Ahri,false
5891670520,200,9,Vayne,false
5891642045,100,1,Gnar,true
5891642045,100,2,Rengar,true
5891642045,100,4,Ezreal,true
5891642045,100,5,Lulu,true
5891642045,200,6,Riven,false
5891642045,200,7,MonkeyKing,false
5891642045,200,8,Swain,false
5891642045,200,9,Kaisa,false
5891452551,100,2,Talon,false
5891452551,100,3,Karma,false
5891452551,100,5,Janna,false
5891452551,200,7,Sejuani,true
5891452551,200,8,Jayce,true
5891222929,100,3,Sylas,true
5891222929,100,4,Ezreal,true
5891222929,200,8,Zilean,false
5891222929,200,9,KogMaw,false
5891222929,200,10,Rakan,false
5890571552,100,2,Talon,false
5890571552,100,3,Orianna,false
5890571552,100,4,Tristana,false
5890571552,200,6,Sylas,true
5890571552,200,7,Kayn,true
5890571552,200,9,Vayne,true
5890545365,100,1,Zilean,false
5890545365,100,2,Talon,false
5890545365,100,3,Azir,false
5890545365,100,4,Yasuo,false
5890545365,200,8,Jayce,true
5890545365,200,9,Vayne,true
5890449466,100,3,Viktor,true
5890449466,100,4,Lucian,true
5890449466,200,6,Akali,false
5890449466,200,8,Ahri,false
5890449466,200,10,Blitzcrank,false
5890412855,100,3,Cassiopeia,false
5890412855,200,6,Yone,true
5890412855,200,8,Ahri,true
5890412855,200,10,Nami,true
5890215945,100,1,Teemo,true
5890215945,200,8,Pantheon,false
5890009104,100,1,Irelia,true
5890009104,100,4,Twitch,true
5890009104,100,5,Senna,true
5890009104,200,6,Olaf,false
5890009104,200,8,Akali,false
5889921430,100,1,Yone,false
5889921430,100,3,Ahri,false
5889921430,200,6,Aatrox,true
5889921430,200,8,Jayce,true
5889658726,100,2,Talon,false
5889658726,200,6,Gwen,true
5889658726,200,7,FiddleSticks,true
5889658726,200,9,Ezreal,true
5895338745,100,3,Kayle,true
5895338745,100,4,Tristana,true
5895338745,200,10,Renata,false
5893516636,200,9,Ezreal,false
5890146457,100,1,Akali,true
5890146457,100,2,Yone,true
5890146457,200,7,Udyr,false
5890146457,200,9,Zeri,false
5890146457,200,10,Yuumi,false
5894189534,200,8,Irelia,false
5893654315,100,3,Ahri,true
5893654315,100,5,Thresh,true
5893654315,200,7,Karthus,false
5893654315,200,8,Sylas,false
5890515930,200,8,Yone,true
5890515930,200,10,Renata,true
5894825222,100,3,Sylas,false
5894825222,100,4,Ezreal,false
5894825222,100,5,Senna,false
5894825222,200,6,Fiora,true
5894825222,200,8,Ziggs,true
5894825222,200,9,TwistedFate,true
5894825222,200,10,Nautilus,true
5894791171,100,2,Graves,true
5894791171,200,6,Fiora,false
5894685431,200,6,Karma,true
5893913223,100,1,Fiora,true
5893913223,200,9,Ashe,false
5891498438,100,1,Shen,true
5891498438,100,4,Tristana,true
5891498438,200,6,Jax,false
5891498438,200,7,Zac,false
5891234632,100,1,Fiora,false
5891234632,100,4,Ezreal,false
5891234632,100,5,Yuumi,false
5891234632,200,10,Senna,true
5891096993,100,1,Sett,true
5891096993,100,2,Sejuani,true
5891096993,100,4,Swain,true
5891096993,200,6,Malphite,false
5891096993,200,7,MonkeyKing,false
5891096993,200,8,Yasuo,false
5890642851,100,1,Camille,true
5890289162,100,1,Akshan,false
5890289162,200,6,Fiora,true
5890239393,100,1,Fiora,false
5890239393,100,3,Azir,false
5890239393,200,8,Viego,true
5890239393,200,9,Kaisa,true
5890239393,200,10,Nautilus,true
5890192035,200,6,Fiora,true
5889717981,100,1,Camille,false
5889717981,100,4,Ezreal,false
5889717981,200,6,Fiora,true
5889717981,200,7,MonkeyKing,true
5889717981,200,8,Katarina,true
5889717981,200,10,Nautilus,true
5888745157,100,1,Fiora,false
5894498791,100,3,Zoe,false
5894498791,100,5,Karma,false
5894498791,200,8,Galio,true
5894493487,100,3,Brand,true
5894493487,100,4,Lucian,true
5894493487,100,5,Nautilus,true
5894493487,200,7,Diana,false
5894493487,200,8,Akali,false
5894493487,200,9,Yasuo,false
5894493487,200,10,Rakan,false
5894408136,100,5,Leona,false
5894408136,200,8,Brand,true
5894408136,200,9,Twitch,true
5894259790,200,6,Vladimir,false
5894259790,200,8,Kayn,false
5894259790,200,9,Xayah,false
5894259790,200,10,Zilean,false
5894262887,100,3,Cassiopeia,true
5894262887,100,4,Jhin,true
5894262887,100,5,Zilean,true
5894262887,200,6,Gangplank,false
5894262887,200,9,Tristana,false
5894262887,200,10,Lulu,false
5892770461,100,1,Camille,false
5892770461,100,2,Graves,false
5892770461,100,5,Zilean,false
5892770461,200,8,Singed,true
5892770461,200,10,Nautilus,true
5892668113,100,1,Gwen,false
5892668113,100,2,Talon,false
5892668113,100,4,Kaisa,false
5892668113,100,5,Zilean,false
5892668113,200,8,Samira,true
5892668113,200,10,Lulu,true
5891787453,100,2,MonkeyKing,true
5891787453,100,3,Azir,true
5891787453,100,4,Tristana,true
5891787453,100,5,Zilean,true
5891787453,200,7,RekSai,false
5891787453,200,9,Ezreal,false
5891787453,200,10,Thresh,false
5891703962,100,5,Zilean,false
5891703962,200,8,Zoe,true
5891568159,100,3,Corki,false
5891568159,100,4,Kaisa,false
5891568159,100,5,Zilean,false
5891568159,200,6,Akali,true
5891568159,200,7,Zac,true
5891568159,200,8,Talon,true
5891568159,200,9,Ezreal,true
5891320262,100,4,KogMaw,false
5891320262,200,10,Nami,true
5891324247,200,8,Zilean,true
5891098619,100,5,Zilean,true
5891098619,200,6,Ornn,false
5891141637,100,1,Ornn,true
5891141637,100,3,Zoe,true
5891141637,100,5,Karma,true
5891141637,200,8,Viego,false
5891141637,200,10,Zilean,false
5891025856,100,1,Akali,true
5891025856,100,5,Zilean,true
5891025856,200,9,Aphelios,false
5890981021,100,5,Zilean,true
5890981021,200,6,Jayce,false
5890935793,100,5,Zilean,true
5890935793,200,8,MonkeyKing,false
5890881815,200,10,Zilean,false
5890081788,100,1,Yone,true
5890081788,200,10,Zilean,false
5889977560,100,1,Rengar,true
5889977560,100,4,Ekko,true
5889977560,100,5,Lulu,true
5889977560,200,6,Cassiopeia,false
5889977560,200,7,Viego,false
5889977560,200,8,Veigar,false
5889977560,200,10,Zilean,false
5890042693,100,3,Chogath,true
5890042693,100,4,KogMaw,true
5890042693,100,5,Zilean,true
5890042693,200,6,Akali,false
5890042693,200,7,Rengar,false
5890042693,200,10,Karma,false
5889956181,100,2,Hecarim,true
5889956181,100,3,Taliyah,true
5889956181,100,5,Zilean,true
5889956181,200,8,Zac,false
5889956181,200,9,Sivir,false
5889956181,200,10,Bard,false
5895466736,200,10,Senna,true
5892939793,100,1,Gwen,false
5892939793,100,2,Vi,false
5892939793,100,4,Ezreal,false
5892939793,200,7,Diana,true
5892939793,200,10,Senna,true
5893014349,200,10,Senna,true
5892552043,100,5,Senna,false
5892552043,200,7,Kayn,true
5892552043,200,10,Xerath,true
5892425533,100,1,Darius,false
5892425533,200,9,Ezreal,true
5892425533,200,10,Senna,true
5891182981,100,5,Swain,true
5891106419,100,3,Talon,false
5891106419,100,4,Yasuo,false
5891106419,200,8,Leblanc,true
5891106419,200,10,Rell,true
5891043729,100,4,Seraphine,true
5891043729,100,5,Senna,true
5891043729,200,6,Karma,false
5890711805,100,5,Senna,true
5891057877,100,3,Veigar,true
5891057877,100,4,Xayah,true
5891057877,200,6,Kayle,false
5891057877,200,7,Diana,false
5891053376,100,2,Nocturne,false
5891053376,200,7,Viego,true
5891053376,200,8,Leblanc,true
5891053376,200,9,Senna,true
5890919195,200,9,Xayah,true
5890955498,100,3,Kayle,false
5890955498,200,8,Cassiopeia,true
5890955498,200,9,Lucian,true
5890900942,100,4,Ezreal,false
5890171846,200,9,Aphelios,false
5890230589,100,1,Xayah,false
5890230589,100,2,Lillia,false
5890230589,200,6,Gwen,true
5890230589,200,8,Ekko,true
5890036495,200,8,Xerath,false
5890036495,200,9,Senna,false
5894477327,100,4,Lucian,false
5894477327,200,6,Yone,true
5894477327,200,7,Kindred,true
5894477327,200,9,Kaisa,true
5894477327,200,10,Nautilus,true
5893298856,100,2,Graves,false
5893298856,100,4,Draven,false
5893298856,200,6,Katarina,true
5893298856,200,8,Kayle,true
5893298856,200,10,Renata,true
5893025047,100,3,Ezreal,false
5893025047,100,4,Twitch,false
5893025047,200,9,Draven,true
5889060160,100,4,Tristana,true
5889060160,100,5,Renata,true
5889060160,200,7,Udyr,false
5889060160,200,9,Kaisa,false
5895446012,100,3,Yasuo,false
5895412857,100,1,Sion,false
5895412857,200,6,Teemo,true
5895295884,100,1,Teemo,true
5895295884,100,3,Yone,true
5895295884,200,10,Senna,false
5895088853,100,1,Jax,false
5895088853,100,2,Talon,false
5895088853,100,4,Varus,false
5895088853,200,6,Teemo,true
5895088853,200,7,Olaf,true
5895088853,200,8,TwistedFate,true
5895088853,200,10,Braum,true
5895086325,100,2,MonkeyKing,true
5895086325,100,5,Lulu,true
5895086325,200,10,Xerath,false
5894805685,200,8,Vladimir,true
5894695611,200,8,Karma,true
5894599713,200,6,Rengar,false
5893926126,100,4,Karthus,false
5893926126,200,7,Rengar,true
5893962848,100,2,LeeSin,true
5893962848,100,3,Karthus,true
5893962848,100,5,Karma,true
5893962848,200,7,Volibear,false
5893908519,100,2,MonkeyKing,true
5893908519,100,3,Karthus,true
5893908519,100,5,Poppy,true
5893908519,200,7,LeeSin,false
5893066060,100,2,Rengar,true
5893066060,100,3,Katarina,true
5893066060,100,4,Caitlyn,true
5893066060,200,9,Draven,false
5893066060,200,10,Senna,false
5892792656,100,1,Yone,true
5892792656,100,2,Karthus,true
5892792656,100,4,Ezreal,true
5892792656,200,7,MonkeyKing,false
5892792656,200,10,Sona,false
5891560500,100,4,Ezreal,false
5891560500,200,6,Yone,true
5891560500,200,8,Katarina,true
5891560500,200,9,Sion,true
5891319657,100,1,Sion,true
5891319657,200,7,Graves,false
5891104295,100,5,Bard,true
5891104295,200,6,Yone,false
5891019073,100,3,Orianna,true
5891019073,100,4,Tristana,true
5891019073,100,5,Bard,true
5891019073,200,6,Rengar,false
5891019073,200,8,Leblanc,false
5891019073,200,9,KogMaw,false
5891019073,200,10,Lulu,false
5890493166,100,5,Nautilus,false
5890493166,200,7,Rengar,true
5890493166,200,9,Senna,true
5890359762,100,1,Rengar,true
5890359762,100,3,Xerath,true
5890359762,100,4,Tristana,true
5890359762,100,5,Maokai,true
5890359762,200,8,Cassiopeia,false
5890359762,200,9,Vayne,false
5890359762,200,10,Senna,false
5891080613,100,5,Nautilus,false
5891080613,200,7,Graves,true
5891080613,200,10,Rakan,true
5890911892,100,1,Yone,true
5890911892,100,2,Khazix,true
5890911892,200,8,Lux,false
5890911892,200,10,Nami,false
5893979041,200,6,Swain,true
5893357241,100,1,Renekton,true
5893357241,100,3,Karma,true
5893357241,200,7,Shyvana,false
5891054452,100,1,Kayle,true
5891054452,200,9,Senna,false
5891054452,200,10,Sett,false
5890948069,100,1,Kayle,true
5890948069,100,3,Viktor,true
5890948069,200,9,Vayne,false
5890874132,100,1,Olaf,false
5890874132,100,2,Gwen,false
5890874132,100,3,Leblanc,false
5890874132,200,6,Zeri,true
5890874132,200,9,Jhin,true
5890874132,200,10,Pyke,true
5890870954,100,2,Hecarim,false
5890870954,200,9,Kaisa,true
5891353343,100,4,Twitch,true
5891353343,200,9,Ezreal,false
5891353343,200,10,Karma,false
5891220062,100,1,Sejuani,false
5891220062,100,4,Tristana,false
5891220062,200,9,Twitch,true
5891102551,100,4,Ekko,true
5891102551,100,5,Senna,true
5891102551,200,9,Ezreal,false
5891058411,200,9,Ezreal,true
5890859745,100,4,Kaisa,false
5890950300,100,1,Jax,false
5890950300,200,7,LeeSin,true
5890950300,200,8,Leblanc,true
5890950300,200,10,Senna,true
5890956895,200,8,Vex,true
5890956895,200,9,Ezreal,true
5894230931,100,3,Veigar,true
5894230931,100,4,Xayah,true
5894230931,200,6,Gangplank,false
5894230931,200,8,Cassiopeia,false
5893398191,100,1,Olaf,true
5893398191,100,4,Varus,true
5893398191,200,9,Kaisa,false
5893325682,100,1,Gwen,true
5893325682,200,7,Udyr,false
5893325682,200,8,Tristana,false
5892822884,100,2,Lillia,true
5892822884,100,4,Jhin,true
5892822884,200,6,Jax,false
5892822884,200,8,Orianna,false
5892822884,200,9,Ezreal,false
5892789050,100,1,Gangplank,true
5892789050,100,3,Azir,true
5892789050,200,7,Trundle,false
5892789050,200,8,Yone,false
5892785742,100,1,Gwen,true
5892785742,200,6,Akali,false
5892785742,200,7,Nocturne,false
5892785742,200,8,Sett,false
5892283162,100,1,Zed,false
5892283162,100,3,Lissandra,false
5892283162,100,4,Sett,false
5892283162,100,5,Senna,false
5892283162,200,6,Gwen,true
5892283162,200,8,Yasuo,true
5892283162,200,10,Pyke,true
5891836924,100,1,Jax,true
5891836924,100,3,Taliyah,true
5891836924,100,5,Blitzcrank,true
5891901026,100,1,Gwen,false
5891901026,200,8,Zoe,true
5891737358,100,1,Gangplank,true
5891737358,100,2,Rengar,true
5891737358,100,5,Bard,true
5891737358,200,8,Ekko,false
5894787759,200,8,Graves,false
5894787759,200,10,Soraka,false
5894217068,100,1,Gangplank,true
5894217068,100,3,Graves,true
5894217068,200,7,Nidalee,false
5894217068,200,8,Lucian,false
5894214238,100,3,Graves,false
5894214238,200,6,Gangplank,true
5892646732,100,3,Syndra,true
5892646732,100,4,Ezreal,true
5892646732,200,9,Lucian,false
5889622504,100,2,MonkeyKing,false
5889622504,100,3,Anivia,false
5889622504,100,5,Bard,false
5889536802,100,4,Ezreal,true
5889536802,200,10,Senna,false
5891162619,200,10,Bard,false
5893169133,100,1,Gwen,false
5893169133,100,2,MonkeyKing,false
5893169133,100,3,Akshan,false
5893169133,100,4,Twitch,false
5893169133,100,5,Taric,false
5893169133,200,6,Katarina,true
5893169133,200,8,Jayce,true
5893169133,200,9,Tristana,true
5892719785,100,3,Akali,true
5891494506,200,8,Ekko,true
5889780747,100,1,Yone,true
5889780747,100,5,Lulu,true
5889780747,200,6,Kayle,false
5889780747,200,8,Orianna,false
5889780747,200,10,Nami,false
5889746344,100,3,Kassadin,false
5889746344,100,4,Yasuo,false
5889746344,200,6,Gwen,true
5889746344,200,10,Lulu,true
5889661845,100,1,Gwen,true
5889661845,100,4,Sion,true
5889661845,200,7,Zac,false
5889661845,200,10,Lulu,false
5889577216,200,6,Camille,true
5889577216,200,9,KogMaw,true
5888804081,200,6,Gnar,true
5895476287,100,2,Talon,false
5895476287,100,4,Draven,false
5895476287,100,5,Alistar,false
5895476287,200,6,Ornn,true
5895476287,200,7,Nidalee,true
5895476287,200,8,Riven,true
5895476287,200,9,Ezreal,true
5895476287,200,10,Blitzcrank,true
5895283383,200,8,Ahri,false
5895283383,200,9,Kaisa,false
5894707477,100,1,Kayle,true
5894707477,100,3,Yasuo,true
5894707477,100,4,KogMaw,true
5893130089,100,2,Taliyah,true
5893130089,100,3,Tryndamere,true
5893130089,100,4,Draven,true
5893130089,100,5,Soraka,true
5893130089,200,9,Tristana,false
5893130089,200,10,Pyke,false
5893021972,100,1,Yone,true
5893021972,100,2,MonkeyKing,true
5893021972,100,5,Leona,true
5893021972,200,8,Kassadin,false
5893021972,200,9,Jhin,false
5892277240,200,9,Draven,true
5890396684,100,4,Draven,true
5890396684,200,8,Irelia,false
5891230677,100,3,Vladimir,false
5891230677,200,7,Taliyah,true
5891230677,200,10,Sona,true
5893873676,100,1,Gangplank,true
5893873676,200,8,Viktor,false
5893810319,100,2,Darius,false
5893810319,200,8,Orianna,true
5893782086,100,4,Tristana,false
5893782086,200,6,Akshan,true
5891490535,100,1,Gwen,false
5891490535,100,3,Zed,false
5891490535,100,5,Karma,false
5891490535,200,6,Riven,true
5891490535,200,7,MonkeyKing,true
5891490535,200,8,Irelia,true
5891490535,200,10,Lulu,true
5890967289,100,5,MissFortune,true
5890967289,200,6,Yone,false
5890992427,100,1,Gwen,false
5890992427,100,2,Viego,false
5890992427,100,4,Kalista,false
5890992427,200,6,Akali,true
5890992427,200,7,MonkeyKing,true
5890992427,200,8,TwistedFate,true
5890992427,200,9,Xayah,true
5890879803,100,4,Ezreal,false
5890879803,200,6,Gwen,true
5890657913,100,1,Azir,false
5890657913,100,2,Karthus,false
5890657913,200,6,Gwen,true
5890657913,200,7,Talon,true
5890657913,200,10,Renata,true
5890564728,100,1,Irelia,true
5890564728,200,7,Diana,false
5890564728,200,8,Talon,false
5890564728,200,9,Zeri,false
5890564728,200,10,Yuumi,false
5890298527,200,6,Jayce,false
5889881891,100,1,Jayce,true
5889881891,100,2,Karthus,true
5889881891,100,4,Ezreal,true
5889881891,200,6,Irelia,false
5889816707,100,3,Katarina,false
5889816707,200,8,Irelia,true
5889760892,100,3,Yone,false
5889760892,200,6,Camille,true
5889760892,200,7,Talon,true
5889755738,100,3,Irelia,true
5889755738,100,4,Yasuo,true
5889755738,200,9,Ziggs,false
5889755738,200,10,Bard,false
5889484655,100,1,Gangplank,false
5889484655,100,2,Taliyah,false
5889484655,100,3,Veigar,false
5889484655,100,4,Kalista,false
5889484655,200,8,Yasuo,true
5889484655,200,9,Twitch,true
5889484655,200,10,Karma,true
5895423846,100,1,Singed,true
5895423846,100,4,Xayah,true
5895423846,100,5,Rakan,true
5895423846,200,6,Camille,false
5895423846,200,7,Kindred,false
5895423846,200,8,Cassiopeia,false
5895423846,200,9,Senna,false
5895423846,200,10,TahmKench,false
5893389300,100,3,Corki,false
5893389300,100,5,Thresh,false
5893389300,200,6,Teemo,true
5893389300,200,7,Viego,true
5893389300,200,8,Azir,true
5893389300,200,10,Bard,true
5891909373,200,9,Aphelios,true
5890886239,100,4,Ezreal,true
5890886239,200,8,Gwen,false
5890886239,200,9,Zeri,false
5890490677,100,2,Talon,true
5890490677,200,6,Zilean,false
5890490677,200,9,Tristana,false
5890490677,200,10,Leona,false
5895510718,100,1,Akali,true
5895510718,100,3,Azir,true
5895510718,200,7,Taliyah,false
5895510718,200,8,Viktor,false
5895510718,200,9,Twitch,false
5895425932,100,2,Rumble,true
5895425932,100,3,Talon,true
5895425932,100,5,Yuumi,true
5895425932,200,6,Irelia,false
5895425932,200,10,Nami,false
5894133223,100,3,Taliyah,true
5894133223,200,6,Gwen,false
5893401903,100,3,Renekton,false
5893401903,100,5,Karma,false
5893401903,200,6,Irelia,true
5893401903,200,7,MonkeyKing,true
5893401903,200,10,Soraka,true
5892255044,200,6,Irelia,false
5891908077,100,4,Vayne,false
5891908077,200,6,Irelia,true
5891908077,200,7,Rengar,true
5891880992,100,1,Yone,false
5891880992,100,3,Zilean,false
5891880992,200,8,Leblanc,true
5891880992,200,10,Senna,true
5891665906,100,1,Irelia,false
5891665906,200,9,Varus,true
5891665906,200,10,Lulu,true
5891653627,100,1,Irelia,false
5891653627,100,2,Zac,false
5891653627,200,8,Azir,true
5891653627,200,9,Jhin,true
5891035081,100,1,Ornn,false
5891035081,200,6,Yone,true
5891035081,200,8,Veigar,true
5891035081,200,10,Zilean,true
5890186985,100,2,Trundle,false
5890186985,100,3,Yone,false
5890186985,100,4,Vayne,false
5890186985,200,6,Singed,true
5890186985,200,8,Ahri,true
5890186985,200,9,Senna,true
5890148745,100,3,Yone,false
5890148745,100,5,Senna,false
5890148745,200,6,Irelia,true
5890148745,200,8,Azir,true
5890043672,200,6,Yone,true
5889564499,100,1,Aatrox,true
5889564499,100,4,KogMaw,true
5889564499,100,5,Lulu,true
5889564499,200,6,Irelia,false
5889564499,200,8,Katarina,false
5889564499,200,9,Xayah,false
5889530101,200,6,Irelia,true
5888724760,100,2,Pantheon,false
5888724760,100,3,Taliyah,false
5888724760,200,6,Yone,true
5888724760,200,8,Annie,true
5894096747,200,7,MonkeyKing,true
5890796017,200,8,Corki,true
5890796017,200,9,Kaisa,true
5890796017,200,10,Blitzcrank,true
5889031295,200,7,Diana,false
5894800457,100,2,Kindred,true
5894800457,100,5,Rakan,true
5894800457,200,6,Shen,false
5894800457,200,8,Chogath,false
5894800457,200,10,Bard,false
5894568448,100,2,Graves,false
5894568448,100,5,Alistar,false
5894568448,200,6,Vladimir,true
5894568448,200,7,Kindred,true
5894568448,200,8,Zilean,true
5894568448,200,10,Nautilus,true
5894523460,100,1,Shyvana,true
5894523460,100,3,Yone,true
5894523460,100,4,Ziggs,true
5894523460,100,5,Nautilus,true
5894523460,200,6,Shen,false
5894523460,200,7,Kindred,false
5894523460,200,8,Akali,false
5894386463,100,2,Kindred,true
5894386463,100,3,Zilean,true
5894386463,100,5,Lulu,true
5894386463,200,8,Karma,false
5894386463,200,9,Jinx,false
5893559482,200,9,Ezreal,false
5893335164,200,6,Azir,true
5893335164,200,7,Kindred,true
5893216128,100,1,Ornn,false
5893216128,100,2,Taliyah,false
5893216128,100,3,Mordekaiser,false
5893216128,100,4,Tristana,false
5893216128,200,8,Galio,true
5893216128,200,10,Nautilus,true
5893112007,100,3,Leblanc,false
5893112007,100,5,Alistar,false
5893112007,200,6,Camille,true
5893112007,200,7,MonkeyKing,true
5893112007,200,10,Rakan,true
5892996288,100,2,MonkeyKing,true
5892996288,100,3,Leblanc,true
5892996288,100,4,Ziggs,true
5892996288,200,6,Yone,false
5892996288,200,7,Zac,false
5892996288,200,8,Yasuo,false
5892920811,100,3,Ekko,false
5892920811,100,5,Alistar,false
5892920811,200,6,Yone,true
5892920811,200,7,Kindred,true
5892920811,200,8,Lulu,true
5892920811,200,9,Twitch,true
5892920811,200,10,Veigar,true
5892856686,100,2,Diana,false
5892856686,200,8,Ekko,true
5892856686,200,10,Nautilus,true
5891490161,100,2,Viego,false
5891490161,100,4,Ziggs,false
5891490161,200,7,Talon,true
5891490161,200,8,Viktor,true
5891490161,200,9,Tristana,true
5891490161,200,10,Senna,true
5891485203,100,1,Shen,false
5891485203,100,3,Vladimir,false
5891485203,100,4,Kalista,false
5891485203,100,5,Renata,false
5891485203,200,7,Qiyana,true
5891485203,200,9,Ziggs,true
5891368582,100,1,Zoe,true
5891368582,100,3,Karma,true
5891368582,100,4,Jhin,true
5891368582,200,6,Camille,false
5891368582,200,7,Graves,false
5891368582,200,10,Nami,false
5890958184,100,1,Akali,false
5890958184,200,7,Graves,true
5890958184,200,9,Kaisa,true
5889661654,100,3,Yone,true
5889661654,100,4,Samira,true
5889661654,100,5,Alistar,true
5889661654,200,7,Kindred,false
5889661654,200,8,Anivia,false
5889661654,200,10,Nautilus,false
5889656954,100,2,Graves,true
5889656954,200,8,Senna,false
5889656954,200,10,Karma,false
5889562542,100,1,Olaf,true
5889562542,100,3,Taliyah,true
5889562542,100,4,KogMaw,true
5889562542,100,5,Lulu,true
5889562542,200,7,Gwen,false
5889562542,200,8,Zilean,false
5889562542,200,10,Yuumi,false
5889499229,100,2,Kindred,false
5889499229,100,4,Tristana,false
5889499229,100,5,Leona,false
5889499229,200,8,Viktor,true
5889499229,200,9,Kalista,true
5889499229,200,10,Braum,true
5894669401,100,5,Rell,false
5890825277,200,10,Lulu,false
5890796166,100,2,Diana,false
5890796166,200,9,Jinx,true
5889501119,100,4,Jhin,true
5889058647,200,8,Akshan,true
5889058647,200,9,Vayne,true
5889006267,200,9,Vayne,false
5888771940,100,3,Ahri,false
5888771940,200,6,Yone,true
5888771940,200,8,Ziggs,true
5888911682,200,7,Kindred,false
5888911682,200,10,Nautilus,false
5890112435,100,2,Gwen,false
5890112435,200,7,Kayn,true
5890112435,200,8,Karma,true
5895449031,100,1,Gwen,true
5895449031,200,9,Tristana,false
5895449031,200,10,Nautilus,false
5894741498,100,1,Ornn,true
5894741498,100,5,Nautilus,true
5893610082,100,4,Ezreal,true
5891602237,100,4,Senna,true
5891602237,100,5,Ashe,true
5891602237,200,8,Talon,false
5891602237,200,9,Ezreal,false
5891602237,200,10,Karma,false
5891169355,100,4,Sivir,false
5891169355,200,9,Ezreal,true
5890874209,100,2,JarvanIV,false
5890874209,200,8,Viktor,true
5890874209,200,9,Vayne,true
5890874209,200,10,Lulu,true
5890468489,200,9,Ashe,false
5889796734,200,9,Lucian,true
5889796734,200,10,Karma,true
5889758681,100,4,Ezreal,false
5889758681,200,9,Jhin,true
5889670933,100,3,Cassiopeia,true
5889670933,200,8,Syndra,false
5889670933,200,9,Jhin,false
5889670933,200,10,Thresh,false
5889572034,100,2,Khazix,false
5889572034,100,4,Lucian,false
5889572034,200,7,Vi,true
5889572034,200,8,Taliyah,true
5889572034,200,10,Senna,true
5889488106,100,1,Gnar,false
5889488106,100,2,Kayn,false
5889488106,100,3,Ahri,false
5889488106,200,6,Swain,true
5889488106,200,9,Lucian,true
5889017587,100,3,Viktor,false
5889017587,100,4,Kaisa,false
5889017587,200,7,Graves,true
5889017587,200,9,Ezreal,true
5889017587,200,10,Bard,true
5894862782,100,2,Taliyah,false
5894862782,200,7,Karthus,true
5894862782,200,9,Jhin,true
5888778013,200,7,MonkeyKing,true
5893527463,100,2,Karthus,false
5893527463,100,4,Draven,false
5893527463,200,7,LeeSin,true
5893445779,100,2,Karthus,false
5893445779,100,4,Ezreal,false
5893445779,200,6,Ornn,true
5893445779,200,8,Syndra,true
5893445779,200,10,Lulu,true
5891508833,100,1,Garen,false
5891508833,200,10,Nautilus,true
5890893123,100,4,Ezreal,true
5890893123,100,5,Soraka,true
5894619280,100,1,Riven,true
5894619280,100,2,Zac,true
5894619280,200,9,Kalista,false
5894619280,200,10,Soraka,false
5893564458,200,10,Soraka,false
5892304002,100,3,Leblanc,false
5892304002,200,10,Soraka,true
5891847794,100,2,Talon,false
5891847794,100,5,Soraka,false
5891847794,200,6,Yasuo,true
5891847794,200,9,MissFortune,true
5891401011,100,4,Senna,true
5891401011,100,5,Soraka,true
5891401011,200,6,Akali,false
5891401011,200,9,Vayne,false
5891352999,100,5,Soraka,true
5891352999,200,6,Zilean,false
5891175727,100,2,Talon,true
5891175727,100,3,Swain,true
5891175727,100,4,Vayne,true
5891175727,100,5,Soraka,true
5891175727,200,9,Ekko,false
5891175727,200,10,Lulu,false
5889902220,100,3,Lulu,true
5889902220,200,6,Gnar,false
5889902220,200,7,Zac,false
5889902220,200,8,Ahri,false
5889902220,200,9,Vayne,false
5889902220,200,10,Soraka,false
5889783276,200,10,Soraka,true
5894662835,100,4,Jhin,false
5893712313,100,1,Talon,false
5893712313,100,2,Karthus,false
5893712313,100,3,Viktor,false
5893712313,200,7,Viego,true
5893712313,200,10,Nami,true
5893651441,100,1,Shen,true
5893651441,200,10,TahmKench,false
5893413032,100,4,Yasuo,true
5893413032,200,9,Sivir,false
5893413032,200,10,Nami,false
5894459116,100,3,Zoe,true
5894459116,200,8,Vayne,false
5894453651,200,8,Ahri,true
5889551158,100,1,Fiora,false
5889551158,200,6,Zeri,true
5889551158,200,7,Viego,true
5889551158,200,8,Veigar,true
5889551158,200,9,Lucian,true
5889551158,200,10,Karma,true
5892842372,200,7,Diana,true
5893777359,200,10,Senna,true
5893741177,200,10,Senna,false
5893645296,100,5,Bard,false
5893645296,200,6,Katarina,true
5893645296,200,8,Zed,true
5891302310,200,7,MonkeyKing,false
5891302310,200,10,Senna,false
5894644535,100,1,Jax,true
5891476500,100,1,Camille,true
5891476500,100,2,Lucian,true
5891476500,100,3,Nidalee,true
5891476500,100,4,Vayne,true
5891476500,200,9,Senna,false
5891476500,200,10,Riven,false
5890065733,100,1,Jax,true
5890065733,200,8,Kennen,false
5889919260,100,1,Singed,false
5889919260,200,6,Camille,true
5889919260,200,9,Lucian,true
5889919260,200,10,Karma,true
5889952546,100,1,Gnar,true
5889857931,100,2,Poppy,true
5889857931,100,5,Lulu,true
5889857931,200,6,Gwen,false
5889857931,200,8,Leblanc,false
5889688237,200,6,Gangplank,false
5890819734,100,2,Graves,true
5890819734,100,3,TwistedFate,true
5890819734,100,4,KogMaw,true
5890819734,200,7,Shyvana,false
5890819734,200,8,Yone,false
5890819734,200,9,Varus,false
5890819734,200,10,Blitzcrank,false
5890806494,100,1,Yone,false
5890806494,100,2,Shyvana,false
5890806494,100,3,TwistedFate,false
5890806494,200,7,Taliyah,true
5890806494,200,8,Zoe,true
5890806494,200,9,Xayah,true
5893535548,100,1,Shen,false
5893535548,100,2,Gwen,false
5893482141,100,2,Graves,true
5893482141,200,9,Twitch,false
5892956812,200,7,Kindred,false
5891727956,200,7,Shyvana,false
5891751007,100,1,Zac,true
5891751007,100,4,Lucian,true
5891751007,100,5,Udyr,true
5891751007,200,7,Hecarim,false
5891751007,200,9,Ekko,false
5890958547,100,1,Yone,true
5890958547,100,2,Taliyah,true
5890958547,200,7,Orianna,false
5890958547,200,8,Viego,false
5890958547,200,9,Kaisa,false
5890099008,100,3,Rakan,false
5890099008,200,7,Kayn,true
5895421605,200,6,Ornn,false
5895312213,200,6,Jax,false
5895312213,200,10,Pyke,false
5894303846,100,1,Camille,false
5893117361,100,1,Gnar,true
5893117361,100,5,Pyke,true
5893117361,200,6,Renekton,false
5893117361,200,10,Rakan,false
5892937260,100,1,Karma,false
5892937260,100,5,Nautilus,false
5892937260,200,6,Camille,true
5892937260,200,7,Viego,true
5892897921,100,1,Camille,true
5892912553,100,1,Camille,true
5892912553,200,7,Kayn,false
5892912553,200,8,Vayne,false
5891640173,100,1,Ornn,true
5891640173,100,3,Karma,true
5891640173,100,4,Jhin,true
5891564936,100,1,Gnar,false
5891564936,100,3,Galio,false
5891564936,100,4,Aphelios,false
5891564936,200,6,Garen,true
5891564936,200,8,Ekko,true
5891564936,200,10,Bard,true
5891031490,100,2,Shyvana,false
5891031490,200,6,Sion,true
5891031490,200,8,Taliyah,true
5891031490,200,10,Zilean,true
5889930491,200,6,Aatrox,true
5889930491,200,7,Diana,true
5889587258,100,2,Udyr,true
5889587258,100,5,Alistar,true
5889587258,200,6,Sylas,false
5894165189,100,2,Lillia,true
5894165189,100,4,KogMaw,true
5894165189,200,7,Khazix,false
5894201521,200,6,Yone,true
5894201521,200,9,Ezreal,true
5889610925,100,4,Jinx,true
5889610925,100,5,Nautilus,true
5889610925,200,6,Gangplank,false
5895465235,100,3,Veigar,true
5895289768,100,3,Brand,false
5895117073,100,3,Ahri,false
5895117073,100,5,Nautilus,false
5895117073,200,10,Ashe,true
5894749445,100,4,Ahri,false
5889639143,100,3,Ahri,false
5893210950,100,4,Jhin,false
5893210950,100,5,Leona,false
5893210950,200,6,Ornn,true
5893210950,200,7,Graves,true
5893210950,200,8,Ekko,true
5893210950,200,9,Tristana,true
5894766713,100,1,Gwen,true
5894766713,100,4,Tristana,true
5894766713,100,5,Zilean,true
5894766713,200,6,Singed,false
5894642312,100,5,Zilean,false
5894564783,100,1,Katarina,true
5894564783,100,2,Viego,true
5894564783,100,5,Yuumi,true
5894564783,200,9,Ezreal,false
5894332512,200,8,Katarina,true
5893900295,200,10,Senna,false
5893865573,100,2,Talon,true
5893865573,200,7,XinZhao,false
5893865573,200,8,Katarina,false
5893865573,200,10,Nami,false
5893784034,100,1,Zed,true
5893784034,100,2,Talon,true
5893784034,100,4,Yasuo,true
5893784034,200,6,Katarina,false
5893784034,200,8,Gangplank,false
5893459478,100,3,Katarina,true
5893459478,100,5,Nami,true
5893134741,100,3,Katarina,false
5893134741,200,8,Kaisa,true
5890587131,100,2,Shyvana,false
5890587131,200,7,Kindred,true
5890587131,200,8,Yasuo,true
5890587131,200,10,Senna,true
5890186747,100,4,MonkeyKing,false
5890186747,200,8,Katarina,true
5892457793,100,1,Aatrox,false
5892457793,100,3,Lulu,false
5895110038,100,2,Viego,false
5895110038,200,7,MonkeyKing,true
5895110038,200,9,Jhin,true
5894296258,100,2,Viego,false
5894296258,100,3,Corki,false
5894296258,200,6,Sett,true
5894296258,200,7,Lillia,true
5894296258,200,10,Nautilus,true
5892972595,100,2,MonkeyKing,true
5892972595,200,8,Qiyana,false
5891017245,100,1,Riven,false
5891017245,100,2,Graves,false
5891017245,100,3,TwistedFate,false
5891017245,100,4,TahmKench,false
5891017245,100,5,Senna,false
5891017245,200,6,Renekton,true
5891017245,200,7,Viego,true
5891017245,200,9,Xayah,true
5889547299,100,1,Ekko,true
5889547299,100,5,Nautilus,true
5889547299,200,7,Kayn,false
5894159560,100,1,Olaf,false
5894159560,100,2,MonkeyKing,false
5894159560,200,6,Irelia,true
5894159560,200,8,Karma,true
5894159560,200,9,Kaisa,true
5891002688,100,1,Irelia,true
5891002688,200,8,Viktor,false
5891002688,200,9,Swain,false
5889866493,100,2,Talon,false
5889866493,100,4,Ezreal,false
5889866493,200,6,Aatrox,true
5889866493,200,8,Veigar,true
5889866493,200,9,Twitch,true
5895459686,200,8,Ahri,true
5892326605,100,5,Bard,true
5892326605,200,8,Yone,false
5892326605,200,10,TahmKench,false
5890881051,100,4,Jhin,false
5890881051,200,6,Singed,true
5890881051,200,8,Vladimir,true
5890881051,200,9,Ezreal,true
5895111328,100,1,Shen,true
5895111328,100,2,Viego,true
5895111328,100,3,Azir,true
5895111328,200,6,Ornn,false
5895111328,200,9,Kaisa,false
5895111328,200,10,Bard,false
5894785131,200,10,Nautilus,true
5893366183,100,5,Lulu,false
5893366183,200,6,Gwen,true
5893289331,100,2,Zac,true
5893289331,200,7,Udyr,false
5893289331,200,10,Alistar,false
5893089492,100,2,Talon,true
5893089492,200,10,Zyra,false
5890992063,100,5,Bard,true
5890992063,200,7,MonkeyKing,false
5890992063,200,9,KogMaw,false
5890877779,100,2,Lillia,false
5890877779,100,5,Nautilus,false
5890877779,200,7,Graves,true
5890877779,200,9,KogMaw,true
5890932784,100,5,Bard,true
5890932784,200,8,Katarina,false
5889782158,100,5,Nami,false
5889782158,200,6,Cassiopeia,true
5889782158,200,8,Taliyah,true
5889782158,200,10,Karma,true
5893870476,100,2,Volibear,false
5893743316,100,1,Soraka,false
5893743316,100,2,MonkeyKing,false
5893743316,100,4,Jhin,false
5893743316,200,10,Lulu,true
5892445795,100,2,MonkeyKing,true
5892445795,200,9,Aphelios,false
5892412530,100,2,Volibear,true
5891706220,200,7,Viego,true
5891570067,200,7,MonkeyKing,false
5891516886,100,2,Volibear,false
5890312345,100,2,Khazix,true
5890312345,100,3,Leblanc,true
5890312345,100,4,Aphelios,true
5890312345,200,10,Nautilus,false
5889615379,100,1,Swain,true
5889615379,100,2,LeeSin,true
5889615379,100,3,Xayah,true
5889615379,100,5,Rakan,true
5889615379,200,8,Lucian,false
5889615379,200,10,Lulu,false
5893175001,100,4,Lucian,false
5893175001,200,9,MonkeyKing,true
5890990144,200,8,Cassiopeia,true
5893373156,200,6,Ornn,true
5892995248,200,6,Gnar,false
5891312770,200,6,Kayle,false
5891116043,200,6,Renekton,false
5890129818,200,6,Ornn,true
5894653629,100,3,Akshan,false
5894653629,200,6,Garen,true
5889961593,100,1,Vladimir,false
5889961593,200,6,Garen,true
5889961593,200,9,Ezreal,true
5893234029,100,2,Zac,true
5893234029,100,3,Yasuo,true
5893234029,200,8,Akshan,false
5893234029,200,10,Nami,false
5891627164,100,4,Jinx,false
5891627164,100,5,Lulu,false
5891627164,200,6,Yone,true
5891627164,200,7,Talon,true
5891627164,200,8,Lissandra,true
5891627164,200,9,Veigar,true
5893170383,100,1,Aatrox,false
5893170383,100,2,JarvanIV,false
5893170383,100,4,Ezreal,false
5893170383,200,6,Yone,true
5893170383,200,8,Talon,true
5893170383,200,10,Chogath,true
5889542369,100,1,Aatrox,false
5890255844,100,3,Ahri,true
5890255844,100,4,Ezreal,true
5890255844,100,5,Senna,true
5890255844,200,8,Karma,false
5888901014,100,5,Karma,false
5888901014,200,7,MonkeyKing,true
5888901014,200,8,Ahri,true
5894365179,100,3,Viktor,true
5894365179,200,9,KogMaw,false
5890489757,100,2,MonkeyKing,false
5890489757,100,3,Gwen,false
5890489757,100,5,Renata,false
5890489757,200,8,Chogath,true
5890330369,100,5,Soraka,false
5890330369,200,8,Gwen,true
5890330369,200,10,Blitzcrank,true
5894313163,100,1,Gangplank,false
5894313163,100,3,Viego,false
5894313163,200,6,Singed,true
5894313163,200,7,MonkeyKing,true
5891138115,100,3,Leblanc,false
5891138115,100,5,Janna,false
5891138115,200,6,Singed,true
5891138115,200,8,Ekko,true
5891042934,100,2,Lillia,false
5891042934,100,4,Ezreal,false
5891042934,100,5,Karma,false
5891042934,200,6,Singed,true
5891042934,200,8,Xerath,true
5891042934,200,9,Ashe,true
5891042934,200,10,Senna,true
5890297313,200,6,Singed,true
5890149245,100,3,Karma,false
5890149245,100,4,Sivir,false
5890149245,200,6,Singed,true
5890149245,200,7,MonkeyKing,true
5889924319,100,4,Aphelios,true
5889924319,200,6,Singed,false
5894447791,200,8,Yasuo,false
5892521989,100,3,Yasuo,false
5895092187,100,2,Viego,false
5895092187,100,4,Kaisa,false
5895092187,100,5,Alistar,false
5895092187,200,6,Yone,true
5895092187,200,8,TwistedFate,true
5894690194,100,3,Tristana,false
5891605206,100,3,Leblanc,true
5891605206,100,4,Ezreal,true
5891605206,200,10,Rakan,false
5894493636,100,5,Nami,true
5894493636,200,6,Gangplank,false
5894493636,200,8,Ahri,false
5894339368,100,1,Ornn,false
5894339368,100,3,Akali,false
5894339368,100,4,Ezreal,false
5894339368,100,5,Braum,false
5894339368,200,6,Gangplank,true
5894249046,100,2,Karthus,false
5894249046,200,6,Kayle,true
5894249046,200,7,Lillia,true
5892921342,200,6,Olaf,false
5894768379,200,8,Gangplank,false
5894762051,100,1,Gangplank,false
5894762051,200,6,Gwen,true
5894667101,100,1,Gangplank,true
5894667101,200,6,Vladimir,false
5894667101,200,8,Lillia,false
5894667101,200,9,Jhin,false
5893193478,200,8,Kindred,true
5893193478,200,10,Janna,true
5893015528,200,6,Poppy,false
5889464402,200,10,Nami,true
5895385698,100,4,Jinx,true
5895385698,200,8,Yasuo,false
5892851816,100,3,Singed,false
5892851816,200,6,Yone,true
5892851816,200,7,Talon,true
5892851816,200,9,Senna,true
5892851816,200,10,Veigar,true
5889055756,100,2,Udyr,true
5889055756,100,4,Kaisa,true
5889055756,100,5,Nautilus,true
5889055756,200,8,Kayn,false
5889055756,200,9,Xayah,false
5895552429,100,4,KogMaw,true
5895552429,100,5,Lulu,true
5895552429,200,8,Yasuo,false
5895552429,200,10,Nautilus,false
5894303679,200,9,Ezreal,false
5893867124,200,10,Rakan,false
5893819999,100,5,Rakan,true
5893819999,200,6,Zilean,false
5893819999,200,9,Sion,false
5893515210,100,2,Lillia,false
5893515210,100,3,Zed,false
5893515210,100,5,Nautilus,false
5893515210,200,6,Teemo,true
5893515210,200,9,Xayah,true
5893515210,200,10,Yuumi,true
5893338819,200,10,Nautilus,true
5890436797,100,3,Swain,false
5890436797,200,8,Chogath,true
5890436797,200,9,Kaisa,true
5890436797,200,10,Nautilus,true
5890220166,100,1,Kayle,false
5890220166,100,5,Rakan,false
5888766460,100,4,Draven,false
5888766460,200,8,Ahri,true
5888766460,200,9,Jhin,true
5888766460,200,10,Nautilus,true
5895493103,100,1,Gwen,false
5895493103,100,3,Katarina,false
5895493103,100,5,Senna,false
5895493103,200,7,Talon,true
5894288969,200,8,Karma,false
5894288969,200,10,Senna,false
5893622275,100,1,Zed,true
5893622275,100,2,Gwen,true
5893622275,100,5,Nautilus,true
5893622275,200,9,Ezreal,false
5893622275,200,10,Senna,false
5891357927,200,10,Soraka,true
5889483290,100,4,Zeri,true
5889483290,200,10,Senna,false
5891759840,100,4,Tristana,true
5891759840,200,7,Zac,false
5891759840,200,8,Kennen,false
5889058727,100,4,Kaisa,true
5891299116,100,2,Khazix,true
5889563919,200,7,Kindred,true
5889476020,100,1,Gwen,false
5889476020,100,2,MonkeyKing,false
5889476020,100,4,Ezreal,false
5889476020,100,5,Nautilus,false
5889476020,200,8,Vladimir,true
5893467696,100,1,Akshan,false
5893467696,100,2,Viego,false
5893467696,100,4,Jhin,false
5893467696,200,10,Ashe,true
5893421390,100,5,Blitzcrank,true
5893421390,200,6,Jayce,false
5893421390,200,7,MonkeyKing,false
5892317276,100,1,Azir,true
5892317276,100,2,Khazix,true
5892317276,100,4,Twitch,true
5892317276,200,7,Lillia,false
5892317276,200,10,Senna,false
5890203724,100,4,Ezreal,false
5890203724,200,6,Gwen,true
5889559458,100,4,Jinx,false
5889559458,200,6,Fiora,true
5889559458,200,10,Blitzcrank,true
5895117962,100,3,Galio,true
5895117962,100,5,Yuumi,true
5895117962,200,6,Singed,false
5894215537,100,1,Jax,false
5894215537,100,2,Viego,false
5894215537,200,6,Zeri,true
5894215537,200,8,Orianna,true
5890323556,100,2,Viego,false
5890323556,200,6,Teemo,true
5888792206,200,7,LeeSin,true
5893324176,200,10,Senna,false
5895376232,100,3,Zoe,false
5895376232,200,8,Taliyah,true
5895353631,200,9,Xayah,false
5894420131,100,1,Vladimir,false
5894420131,100,3,Akshan,false
5894420131,100,4,KogMaw,false
5894420131,100,5,Pyke,false
5894278134,200,8,Katarina,false
5894292549,200,10,Senna,true
5893148715,100,3,Lucian,true
5892808656,100,3,Sylas,true
5892808656,200,9,Jhin,false
5889644813,100,4,Kaisa,false
5889644813,200,8,AurelionSol,true
5889620811,200,9,Lucian,true
5889490728,200,8,Kaisa,true
5893086700,100,5,Senna,false
5893086700,200,6,Shen,true
5893086700,200,7,Shyvana,true
5893086700,200,9,Ezreal,true
5891086818,100,4,Tristana,false
5893687830,100,2,LeeSin,false
5893687830,100,3,Orianna,false
5893687830,200,8,Zoe,true
5893687830,200,9,Vayne,true
5891682971,100,5,Yuumi,true
5891654460,100,5,Jax,true
5891654460,200,6,Tryndamere,false
5894382487,200,6,Veigar,false
5894382487,200,7,Graves,false
5894382487,200,8,Viego,false
5893444191,100,2,Graves,false
5893444191,200,8,Sylas,true
5891406546,100,1,Kayle,false
5891406546,100,2,Lillia,false
5891406546,100,5,Senna,false
5891406546,200,10,Lulu,true
5891225497,200,6,Ornn,true
5891225497,200,7,Shyvana,true
5894522420,100,2,Kennen,true
5894522420,200,7,Ekko,false
5892614031,100,2,Viego,false
5892614031,200,6,Azir,true
5892614031,200,10,Blitzcrank,true
5892593025,200,10,Senna,false
5892460010,200,8,Veigar,true
5892460010,200,9,Aphelios,true
5892460010,200,10,Karma,true
5892467025,200,9,Lucian,false
5892467025,200,10,Nami,false
5892453744,200,9,Draven,false
5894794368,200,6,Karma,false
5892905546,100,5,Sona,false
5892905546,200,6,Shen,true
5892905546,200,7,MonkeyKing,true
5892905546,200,9,Kaisa,true
5890854476,100,1,Shen,true
5890854476,200,8,TwistedFate,false
5890126246,200,6,Shen,true
5895492045,100,2,Rengar,false
5895492045,100,5,Chogath,false
5895492045,200,9,Kaisa,true
5895492045,200,10,Thresh,true
5893992296,100,3,Seraphine,true
5893992296,200,8,Taliyah,false
5893858918,200,8,Malphite,false
5893858918,200,9,Vayne,false
5893873751,100,5,Senna,true
5893873751,200,9,Jhin,false
5893755529,100,4,Aphelios,false
5891099659,100,5,Renata,false
5892718850,200,10,Lulu,true
5890849164,100,4,KogMaw,true
5890849164,200,10,Renata,false
5893567098,200,9,Ezreal,false
5892325758,100,4,Aphelios,true
5892325758,200,7,Gwen,false
5892325758,200,9,Lucian,false
5891657444,100,4,Lucian,false
5891657444,100,5,Nami,false
5891657444,200,7,Talon,true
5891657444,200,8,Taliyah,true
5890065451,100,2,Graves,true
5890065451,200,8,Chogath,false
5890065451,200,9,Jinx,false
5889108171,100,5,Rakan,false
5889108171,200,6,Zeri,true
5889108171,200,7,Hecarim,true
5889108171,200,8,Kayn,true
5889108171,200,9,KogMaw,true
5889124274,200,7,Udyr,false
5889124274,200,9,Vayne,false
5891484077,100,3,Katarina,false
5891484077,100,4,Tristana,false
5891484077,200,8,Ekko,true
5891512135,200,10,Janna,true
5891287555,100,4,Tristana,false
5891287555,200,10,Janna,true
5895344426,100,1,Yone,false
5895344426,100,3,Chogath,false
5895344426,200,8,Yasuo,true
5893251528,200,8,Yasuo,true
5892444143,100,3,Yasuo,false
5892381394,100,3,Yasuo,true
5892381394,100,4,Tristana,true
5892381394,200,8,Ahri,false
5891698976,100,1,Kayle,true
5891698976,100,3,Yasuo,true
5891698976,100,5,Blitzcrank,true
5891698976,200,9,Aphelios,false
5891673566,100,1,Talon,false
5891673566,100,4,Ezreal,false
5891673566,100,5,Soraka,false
5891673566,200,6,Sett,true
5891673566,200,7,Darius,true
5891673566,200,8,Yasuo,true
5891673566,200,9,Karthus,true
5891673566,200,10,Leona,true
5890498294,100,1,Samira,true
5890498294,200,8,Yasuo,false
5890498294,200,9,Kaisa,false
5890552124,200,6,Yasuo,true
5890006061,200,9,Yasuo,true
5889870258,200,9,Yasuo,true
5890035393,100,2,JarvanIV,false
5890035393,100,4,KogMaw,false
5890035393,200,6,Riven,true
5893276349,100,1,Zed,true
5893276349,100,5,Sona,true
5891816573,100,3,Zed,true
5891816573,200,10,Karma,false
5895410566,100,2,Nidalee,false
5895410566,100,3,Chogath,false
5895410566,100,4,Lucian,false
5895410566,200,8,Talon,true
5892953442,100,4,Draven,false
5892953442,200,9,Xayah,true
5892868198,100,3,Draven,true
5892868198,200,9,Lucian,false
5892874552,200,9,Draven,true
5891688226,100,1,Talon,true
5891688226,100,2,Lillia,true
5891688226,200,9,Senna,false
5889513534,200,9,Zeri,true
5892724647,100,2,Nidalee,false
5892724647,100,4,Jhin,false
5892724647,200,6,Gwen,true
5891143659,100,5,Senna,true
5891143659,200,7,Zed,false
5890010226,100,4,Vayne,true
5890010226,200,6,Gwen,false
5890010226,200,8,Katarina,false
5890010226,200,10,Bard,false
5894322675,100,5,Singed,false
5894247583,200,10,Pyke,false
5894001152,100,5,Lulu,false
5894001152,200,7,Talon,true
5894001152,200,8,Jhin,true
5894001152,200,10,Ashe,true
5893635846,100,1,Soraka,false
5893635846,200,7,Talon,true
5892576675,100,1,Azir,false
5892576675,200,8,Talon,true
5892430826,100,4,Ziggs,true
5892430826,200,7,Talon,false
5892430826,200,8,Tryndamere,false
5892214082,200,7,Talon,true
5888620261,100,3,Yasuo,true
5888620261,200,7,Darius,false
5893874248,100,3,Vex,false
5893874248,200,8,Talon,true
5893461868,100,4,Ezreal,false
5893461868,200,7,Talon,true
5893082978,200,7,Talon,false
5892964894,100,1,Gwen,true
5892964894,100,2,Graves,true
5892964894,200,10,Pyke,false
5892899207,100,2,Talon,false
5892899207,100,4,Azir,false
5892899207,100,5,Blitzcrank,false
5892899207,200,6,Riven,true
5892899207,200,8,Ekko,true
5891784964,200,7,Talon,true
5890695311,200,8,Kassadin,true
5890663394,200,7,Ekko,false
5890730736,100,3,Kayle,true
5890730736,200,8,Viktor,false
5888827285,100,2,Talon,true
5888827285,100,3,Veigar,true
5888827285,200,10,Alistar,false
5888804546,100,3,Ahri,false
5888804546,200,7,Talon,true
5888708797,100,3,Chogath,false
5888708797,100,4,Syndra,false
5888708797,200,7,Talon,true
5888708797,200,10,Nami,true
5895068937,200,6,Yone,true
5894233792,100,5,Rakan,true
5894233792,200,7,MonkeyKing,false
5894006078,200,7,Karthus,true
5894006078,200,10,Karma,true
5891473434,100,1,Jax,true
5891473434,100,2,Zac,true
5891473434,100,5,TahmKench,true
5891473434,200,7,Karthus,false
5888802090,200,7,Talon,false
5888802090,200,8,Viktor,false
5891639776,100,5,Nautilus,false
5891639776,200,8,Sylas,true
5895554883,100,1,Teemo,false
5895554883,100,2,Volibear,false
5895554883,100,3,Ahri,false
5895554883,100,4,Aphelios,false
5895554883,100,5,Nautilus,false
5895554883,200,7,Kindred,true
5895554883,200,10,Yuumi,true
5892728851,200,10,Yuumi,true
5891669278,100,3,Karma,true
5891669278,200,10,Senna,false
5891550746,100,5,Nautilus,false
5890789014,100,5,Nami,false
5890789014,200,7,Volibear,true
5890439095,100,5,Lulu,false
5889712310,200,10,Renata,true
5894675214,100,2,Kindred,false
5894675214,200,7,Taliyah,true
5890261179,100,2,Viego,false
5889868598,100,2,Rengar,true
5889868598,200,6,Yone,false
5889868598,200,8,Karma,false
5889868598,200,10,Renata,false
5889759436,100,3,Vayne,true
5890933100,100,4,Orianna,true
5890933100,200,7,Zed,false
5893635440,100,2,Shyvana,true
5893828256,100,3,Ziggs,false
5893828256,200,7,Zed,true
5893843043,200,7,Zed,false
5889848171,100,2,Udyr,true
5889848171,100,5,Leona,true
5889848171,200,7,Zed,false
5888800330,100,2,MonkeyKing,true
5888800330,200,8,Zed,false
5888794863,200,7,Zed,false
5892678664,200,7,Shyvana,false
5892644894,100,2,Shyvana,true
5890824128,100,2,MonkeyKing,false
5890824128,200,7,Shyvana,true
5892882473,100,3,Ekko,false
5892818672,100,4,Ezreal,false
5892818672,100,5,Yuumi,false
5892818672,200,9,Ekko,true
5891435698,100,3,Ekko,true
5891435698,100,5,Zilean,true
5891435698,200,10,Senna,false
5894537984,100,2,LeeSin,false
5894537984,100,4,Vayne,false
5894537984,200,7,Kindred,true
5894537984,200,8,Chogath,true
5894537984,200,9,Tristana,true
5889852651,100,1,Garen,true
5889852651,100,4,Jhin,true
5889852651,200,10,Lulu,false
5889691955,200,10,Karma,true
5894272933,100,2,MonkeyKing,true
5894147653,100,2,Khazix,false
5889551945,200,7,Viego,false
5894429913,100,3,Ahri,false
5894429913,200,10,Leona,true
5890646461,200,8,Ahri,false
5890612271,100,1,Akshan,true
5890612271,200,7,MonkeyKing,false
5890612271,200,9,Kalista,false
5890527931,100,4,Ezreal,false
5890527931,100,5,Bard,false
5890527931,200,7,Viego,true
5895429698,100,1,Talon,false
5895429698,100,3,Jhin,false
5895429698,200,6,Fiora,true
5895429698,200,8,Ahri,true
5895429698,200,9,Tristana,true
5895368341,100,4,KogMaw,false
5895368341,200,9,Twitch,true
5894167694,100,4,Ezreal,false
5894167694,200,6,Aatrox,true
5894167694,200,8,Veigar,true
5889742860,100,1,Renekton,false
5889742860,200,7,Karthus,true
5889742860,200,9,Kalista,true
5889504972,200,9,Lucian,true
5891223951,100,1,Shyvana,true
5891223951,200,6,Zilean,false
5891223951,200,9,Kaisa,false
5895496541,100,2,Khazix,true
5895496541,100,5,Nautilus,true
5895496541,200,7,LeeSin,false
5895496541,200,8,Azir,false
5895550629,200,6,Teemo,false
5893773439,200,6,Teemo,false
5895456958,200,10,Alistar,false
5895148455,200,10,Xerath,false
5895112542,100,2,MonkeyKing,true
5895112542,100,4,Kalista,true
5895112542,200,8,Chogath,false
5895112542,200,9,Senna,false
5891149325,100,3,Chogath,true
5890972771,200,10,Senna,true
5890629929,100,2,Khazix,false
5890629929,100,5,Nautilus,false
5890629929,200,7,Shyvana,true
5890629929,200,8,Talon,true
5890629929,200,10,Gragas,true
5890615794,100,3,Chogath,false
5890615794,200,7,Viego,true
5889885066,200,8,Chogath,true
5888851742,100,3,Chogath,true
5890496672,100,5,Nautilus,true
5890496672,200,6,Shen,false
5890496672,200,7,Graves,false
5894194036,100,4,Jinx,false
5894194036,200,8,Ziggs,true
5894778159,100,5,Yuumi,false
5894778159,200,7,Talon,true
5894451511,200,7,DrMundo,false
5890177679,200,7,Lillia,true
5895494102,100,1,Talon,true
5895494102,100,5,Nautilus,true
5895494102,200,6,Camille,false
5895494102,200,8,Zac,false
5895494102,200,9,Ezreal,false
5895494102,200,10,Senna,false
5893259353,100,4,Tristana,false
5893032402,100,5,Bard,true
5893032402,200,7,RekSai,false
5893032402,200,8,Akali,false
5893032402,200,9,Vayne,false
5891300469,100,3,Yasuo,true
5891300469,200,9,Xayah,false
5892839133,100,1,Renekton,false
5891334770,200,6,Gwen,true
5890417489,200,6,Gnar,false
5890417489,200,8,Vex,false
5894033158,200,8,Galio,false
5894091307,100,3,Lulu,false
5894091307,200,8,Karma,true
5893989860,100,5,Alistar,true
5893994692,100,5,Lulu,true
5893994692,200,10,Renata,false
5893755888,100,5,Chogath,false
5893161946,200,10,Rell,false
5892553303,100,5,Gragas,false
5892484698,100,3,Gwen,true
5892484698,100,4,Ashe,true
5892484698,100,5,Renata,true
5892484698,200,7,Taliyah,false
5892484698,200,10,Bard,false
5892500722,200,10,Alistar,false
5888803356,100,5,Nautilus,true
5888784278,200,10,Renata,false
5890739817,200,6,Yone,false
5895283803,100,2,TwistedFate,false
5895283803,200,8,Galio,true
5894098631,200,10,Bard,false
5890354167,100,2,MonkeyKing,true
5894682470,100,3,Udyr,false
5894682470,200,6,Gangplank,true
5892755202,100,3,Akali,false
5892755202,200,6,Poppy,true
5890959307,100,1,Gwen,true
5895328473,200,6,Camille,false
5894252720,100,1,Gangplank,false
5894252720,100,2,MonkeyKing,false
5894252720,100,3,Xerath,false
5894252720,200,6,Zeri,true
5894252720,200,8,Veigar,true
5894252720,200,9,Xayah,true
5890763659,200,6,Sett,true
5893489758,200,7,Karthus,true
5893489758,200,8,Talon,true
5893489758,200,9,Jhin,true
5893489758,200,10,Karma,true
5893215765,100,5,Karma,false
5894471452,100,2,Taliyah,true
5894471452,200,8,Cassiopeia,false
5894234120,200,7,Vi,true
5894097416,200,7,Vi,true
5892712456,100,2,Zed,true
5889732875,100,2,LeeSin,true
5889732875,200,7,Taliyah,false
5889660205,200,8,Taliyah,true
5889126812,100,2,Nidalee,true
5889076248,100,3,Ahri,false
5889076248,200,6,Fiora,true
5894072201,100,1,Zilean,true
5890334627,100,1,Zilean,false
5890334627,100,5,Sion,false
5890334627,200,6,Gwen,true
5890207967,100,1,Gwen,false
5890207967,200,6,Zilean,true
5889929476,100,2,Zilean,true
5889012664,200,6,Zilean,true
5892747595,200,9,Vayne,false
5892448955,100,2,Ekko,false
5892448955,100,5,Rell,false
5888812502,100,3,Taliyah,false
5888812502,200,8,Yasuo,true
5888812502,200,9,Seraphine,true
5889956196,100,2,Karthus,true
5894585844,200,7,Udyr,false
5894510312,200,7,Udyr,false
5895107913,100,2,Lillia,true
5890405898,100,3,Yasuo,true
5890405898,200,10,Shen,false
5889057197,200,7,Lillia,true
5893927596,200,10,Lulu,false
5893696628,100,5,Lulu,true
5892617319,100,1,Azir,true
5892617319,200,10,Lulu,false
5893346477,100,3,Lucian,false
5893303946,200,8,Taliyah,false
5890865479,200,8,Zoe,false
5890316732,100,3,Veigar,true
5890061387,100,3,Zoe,true
5890061387,200,7,Lillia,false
5890205218,100,5,Rakan,true
5889711080,100,5,Karma,false
5893977929,200,9,Karthus,false
5893898475,100,3,Taliyah,false
5892481538,200,8,Anivia,false
5892386567,100,2,Lillia,true
5892386567,100,3,Yone,true
5892386567,200,9,Vayne,false
5890639346,200,8,Viktor,true
5890581876,100,2,Udyr,true
5890581876,200,8,Kayle,false
5889855675,200,8,Renekton,false
5889670280,100,1,Jayce,true
5894750110,200,7,Taliyah,false
5893750855,200,7,MonkeyKing,true
5893454267,100,2,Taliyah,true
5893454267,100,3,Talon,true
5893454267,200,8,Cassiopeia,false
5893350394,200,8,Karma,true
5893373987,200,7,Taliyah,true
5891704389,200,7,Taliyah,true
5891586420,200,7,LeeSin,true
5890543800,200,7,MonkeyKing,true
5889505412,100,2,MonkeyKing,false
5889481809,100,2,Viego,false
5892741986,100,5,Bard,true
5892741986,200,8,Syndra,false
5892666209,100,5,Blitzcrank,true
5892694039,100,5,Lux,true
5891249596,100,5,Nautilus,true
5891249596,200,8,Swain,false
5893342811,200,8,Leblanc,true
5893342811,200,10,Bard,true
5889640841,100,5,Zilean,true
5893222983,200,8,Tristana,true
5890716595,200,9,Lucian,true
5890924739,200,9,Cassiopeia,false
5893794623,200,7,Taliyah,false
5889764322,200,7,Kindred,false
5895312078,100,3,Talon,true
5894025739,100,1,Talon,true
5894103470,100,1,Talon,true
5894050540,200,6,Talon,false
5892682703,200,6,Azir,true
5892671203,100,1,Azir,false
5892599586,100,1,Talon,false
5891907089,200,6,Talon,true
5890740332,100,3,Azir,true
5890748753,100,2,Talon,false
5890748753,200,6,Riven,true
5890727278,200,8,Talon,true
5890732468,200,8,Katarina,false
5894668413,200,6,Yone,true
5894315830,200,7,Hecarim,false
5895117153,100,4,Ashe,true
5890812537,200,8,Taliyah,true
5889647951,200,8,Vladimir,false
5888932825,100,3,Lucian,false
5888887731,100,4,Samira,true
5888887731,200,8,Akali,false
5890203326,200,7,RekSai,true
5892437117,200,9,Lucian,true
5891445648,100,2,Zac,true
5889696394,100,2,Zac,true
5892968926,200,9,Draven,true
5891857904,200,9,Xayah,false
5892281974,100,4,Xayah,false
5891582020,100,4,Samira,true
5891155279,100,5,Senna,true
5889516616,200,9,Jinx,true
5889553886,100,4,Seraphine,false
5894550528,200,8,Cassiopeia,false
5893304902,200,10,Nautilus,false
5893190447,200,10,Karma,false
5892869673,200,8,Karma,false
5892376708,200,10,Karma,false
5892229758,100,5,Nautilus,true
5891899465,200,10,Nautilus,true
5891643047,100,5,Alistar,true
5892614891,200,10,Blitzcrank,false
5892524579,100,4,Bard,false
5892469776,200,10,Nautilus,false
5895297992,200,6,Jayce,true
5895204149,100,1,Darius,false
5893320575,100,1,Camille,true
5890135692,200,10,Urgot,false
5893752141,200,6,Tristana,false
5891686005,100,4,Zeri,false
5895519576,100,1,Akali,false
5895519576,100,3,Leblanc,false
5895519576,100,4,Yone,false
5895519576,100,5,Yuumi,false
5895519576,200,6,Talon,true
5895519576,200,10,Nautilus,true
5895488698,100,4,Ezreal,true
5895488698,200,8,Katarina,false
5895558239,100,2,Viego,false
5895558239,100,4,Ezreal,false
5895558239,100,5,Zilean,false
5895558239,200,6,Gwen,true
5895558239,200,7,Talon,true
5895558239,200,9,Tristana,true
5895558239,200,10,Janna,true
5895535262,100,3,KogMaw,true
5895535262,200,8,Katarina,false
5895735825,100,2,Lillia,true
5895735825,100,4,Garen,true
5895735825,100,5,Renata,true
5895735825,200,6,Darius,false
5895735825,200,7,Khazix,false
5895723094,100,1,Fiora,false
5895723094,100,4,Yasuo,false
5895723094,200,6,Jax,true
5895723094,200,7,Talon,true
5895723094,200,8,Veigar,true
5895723094,200,9,KogMaw,true
5895723094,200,10,Lulu,true
5895612894,100,1,Gwen,false
5895612894,100,3,Katarina,false
5895612894,100,4,Lucian,false
5895612894,200,7,Taliyah,true
5895612894,200,8,Yasuo,true
5895612894,200,9,Ezreal,true
5895612894,200,10,Zilean,true
5895776841,100,2,Talon,false
5895776841,100,5,Renata,false
5895776841,200,6,Karma,true
5895776841,200,7,Viego,true
5895776841,200,8,Kayle,true
5895748999,200,9,Jhin,false
5895732007,100,2,Talon,false
5895732007,100,4,Kaisa,false
5895732007,200,9,Draven,true
5895560154,100,2,Talon,true
5895560154,100,4,Kaisa,true
5895560154,100,5,Nautilus,true
5895560154,200,7,Volibear,false
5895560154,200,10,Renata,false
5895651019,200,6,Graves,true
5895651019,200,10,Senna,true
5895927871,100,3,Karma,false
5895927871,100,4,Twitch,false
5895927871,200,6,Shen,true
5895927871,200,10,Zilean,true
5895778465,100,2,Lillia,false
5895778465,100,4,Lucian,false
5895775438,100,4,Veigar,true
5895775438,200,10,Ashe,false
5895974525,200,6,Shen,true
5895974525,200,7,Lillia,true
5895974525,200,8,Lucian,true
5895931575,100,1,Shen,false
5895931575,200,7,Karthus,true
5895916359,100,3,LeeSin,true
5895916359,200,8,Yone,false
5895916359,200,10,Bard,false
5895952829,100,2,Viego,true
5895952829,100,4,Ezreal,true
5895952829,200,7,Nidalee,false
5895952829,200,10,Nautilus,false
5895877552,100,2,Trundle,true
5895877552,200,8,Karma,false
5895786738,200,7,Nocturne,false
5895956704,100,2,Taliyah,false
5895956704,100,3,Lissandra,false
5895956704,200,8,Zilean,true
5895956704,200,10,Lulu,true
5895692615,100,5,Senna,false
5895692615,200,7,Lillia,true
5895534340,100,2,LeeSin,true
5895656351,200,7,Taliyah,true
5895962210,100,4,Lucian,true
5895962210,200,9,Twitch,false
5895804226,100,3,Talon,false
5895803026,200,8,Talon,true
5895792202,100,1,Khazix,false
5895792202,200,8,Talon,true
5895658860,100,2,Khazix,true
5895658860,100,3,Zed,true
5895658860,200,8,Yasuo,false
5895634163,100,3,Zoe,false
5895634163,100,5,Janna,false
5895634163,200,7,Talon,true
5895634163,200,9,Zac,true
5895697370,200,7,Talon,true
5895904974,100,2,Udyr,true
5895904974,200,10,Yuumi,false
5895663722,100,3,Katarina,true
5895945248,100,4,Jhin,false
5895945248,200,7,Lillia,true
5895880976,200,8,Velkoz,false
5895586038,100,1,Yone,false
5895586038,100,3,Chogath,false
5895586038,100,5,Pyke,false
5895586038,200,8,TwistedFate,true
5895586038,200,10,Senna,true
5895889279,200,6,Zeri,true
5895885579,200,7,Zeri,true
5895600650,100,1,Yone,true
5895600650,100,3,Zac,true
5895600650,200,10,Rakan,false
5895849159,100,5,Karma,false
5895849159,200,8,KogMaw,true
5895849159,200,10,Seraphine,true
5895614970,100,2,Viego,false
5895934174,100,4,Ziggs,false
5895934174,200,8,Viktor,true
5895908313,100,2,Udyr,true
5895908313,200,6,Lucian,false
5895908313,200,8,Karthus,false
5895922510,100,4,Kaisa,false
5895730714,100,3,Ahri,false
5895730714,200,10,Nautilus,true
5895992110,100,4,Twitch,true
5895992110,200,8,Lucian,false
5895648337,100,4,Kalista,true
5895727646,200,8,Vladimir,false
5895667899,200,8,Akali,true
